id_cliente,nombre,genero,fecha_registro,gasto_q,ciudad,categoria
502609,Paola Morales,M,2026-02-27,251.8,Antigua,Retail
500588,Ana Diaz,F,2026-02-24,371.8,Villa Nueva,Services
502408,Maria Paz,M,2026-01-15,373.33,Quetzaltenango,Retail
501688,Ana Mejia,F,2026-01-18,361.23,Quetzaltenango,Education
502916,Carlos  Mendez,F,2026-01-29,339.01,Amatitlan,Retail
504200,Oscar Rojas,M,2026-01-09,138.22,Antigua,Retail
502029,Isabel Ramirez,M,2026-02-05,166.31,Villa Nueva,Services
501366,Pedro  Herrera,M,2026-02-12,405.62,Amatitlan,Education
502614,Patricia Soto,F,2026-01-11,222.88,Guatemala,Retail
502794,Pablo Perez,M,2026-02-06,287.37,Escuintla,Retail
504410,Paola Herrera,F,2026-01-05,400.01,Antigua,Education
500921,Monica Lopez,F,2026-02-16,69.85,Quetzaltenango,Food
500344,Ana Soto,F,2026-01-02,251.8,Guatemala,Education
503170,Laura Mendez,M,2026-01-08,251.8,Guatemala,Education
502929,Daniel  Morales,M,2026-01-12,237.93,Antigua,Food
503768,Karla Vargas,M,2026-01-16,364.37,Escuintla,Food
501480,Carmen Gomez,M,2026-01-08,491.09,Quetzaltenango,Services
503393,Daniel Flores,M,2026-02-06,189.82,Escuintla,Education
501479,Paola  Fuentes,M,2026-01-03,126.41,Antigua,Retail
503665,Carmen Soto,M,2026-01-06,251.8,Antigua,Food
504232,Elena Perez,F,2026-01-28,204.59,Villa Nueva,Services
502530,Carlos Fuentes,M,2026-01-28,318.53,Escuintla,Food
500837,Oscar Fuentes,F,2026-02-05,315.81,Villa Nueva,Food
504238,Maria Morales,F,2026-01-04,251.82,Guatemala,Services
500464,Elena Vargas,M,2026-01-27,487.93,Amatitlan,Services
504241,Karla Rojas,F,2026-01-25,376.15,Antigua,Retail
501040,Gustavo Nunez,F,2026-02-25,251.8,Escuintla,Retail
501552,Pedro  Mejia,F,2026-02-24,23.85,Chimaltenango,Retail
501126,Sofia Mendez,M,2026-02-27,323.34,Mixco,Services
504376,Carmen Solis,F,2026-01-29,69.32,Chimaltenango,Food
501851,Elena Soto,F,2026-02-09,214.5,Mixco,Services
504281,Carmen Fuentes,F,2026-01-10,245.81,Mixco,Food
501098,Karla Rojas,M,2026-01-07,326.83,Chimaltenango,Services
504347,Patricia Morales,F,2026-02-01,283.68,Quetzaltenango,Services
504260,Fernando Ramirez,M,2026-01-20,6.67,Amatitlan,Education
501419,Elena Vargas,F,2026-02-12,179.13,Villa Nueva,Food
503884,Laura Cruz,M,2026-02-08,251.8,Villa Nueva,Services
502586,Karla Perez,M,2026-01-15,251.8,Amatitlan,Retail
503375,Carlos Castillo,M,2026-01-14,153.61,Amatitlan,Food
501054,Gabriela Paz,F,2026-01-27,98.61,Guatemala,Services
503880,Laura Fuentes,F,2026-01-01,363.38,Villa Nueva,Education
502476,Oscar Morales,F,2026-01-21,251.8,Amatitlan,Food
500015,Andrea Ortega,M,2026-02-02,224.61,Guatemala,Services
503627,Karla Lopez,M,2026-01-19,212.04,Desconocida,Education
501372,Andrea Dominguez,M,2026-01-20,206.01,Escuintla,Services
503319,Pablo Herrera,M,2026-01-16,67.35,Mixco,Retail
503195,Kevin Rojas,F,2026-02-14,28.25,Quetzaltenango,Retail
502898,Sofia Cruz,M,2026-02-19,274.08,Desconocida,Food
504162,Karla Lima,F,2026-01-27,444.86,Amatitlan,Services
503479,Maria Alvarez,M,2026-01-21,83.58,Quetzaltenango,Services
502819,Laura  Rojas,F,2026-01-29,15.43,Escuintla,Services
502658,Monica  Dominguez,F,2026-01-15,61.23,Guatemala,Education
503447,Isabel Dominguez,F,2026-02-04,459.66,Chimaltenango,Food
501997,Pedro Cruz,M,2026-02-04,256.64,Guatemala,Education
502056,Carlos  Ramirez,F,2026-01-11,394.93,Guatemala,Education
504768,Gustavo Morales,M,2026-02-12,37.44,Quetzaltenango,Food
502334,Jose Mejia,M,2026-02-25,21.1,Desconocida,Food
502807,Laura Mendez,F,2026-02-04,212.65,Quetzaltenango,Retail
503133,Carlos Solis,M,2026-01-28,152.84,Quetzaltenango,Services
504775,Juan Ortega,F,2026-01-15,490.26,Chimaltenango,Services
500577,Maria Solis,F,2026-02-20,362.79,Chimaltenango,Food
504234,Daniel Mazariegos,F,2026-01-10,251.8,Amatitlan,Food
502064,Elena Flores,F,2026-01-10,201.39,Villa Nueva,Education
501747,Sofia Ruiz,M,2026-02-21,165.62,Amatitlan,Food
500942,Jose Flores,M,2026-02-25,453.55,Amatitlan,Education
500312,Carmen Vargas,M,2026-02-06,420.73,Chimaltenango,Services
501202,Hector  Rojas,F,2026-02-26,232.9,Chimaltenango,Food
501264,Sofia Herrera,M,2026-01-07,267.67,Mixco,Food
504665,Fernando Ramirez,F,2026-02-12,401.5,Antigua,Services
500663,Carlos Vargas,M,2026-01-20,251.8,Villa Nueva,Education
503931,Oscar Lima,M,2026-02-15,414.96,Guatemala,Education
502986,Sofia Cruz,F,2026-01-20,85.26,Guatemala,Education
503676,Jose Nunez,F,2026-01-06,387.06,Quetzaltenango,Services
501513,Kevin Aguilar,F,2026-02-15,158.7,Chimaltenango,Services
502696,Kevin Diaz,F,2026-01-09,71.07,Guatemala,Retail
501554,Carmen Paz,M,2026-02-06,251.8,Amatitlan,Education
502526,Fernando Ramirez,M,2026-02-14,26.33,Quetzaltenango,Education
503679,Daniel Nunez,M,2026-01-20,200.28,Mixco,Food
501797,Monica Hernandez,F,2026-02-10,448.21,Mixco,Education
500749,Sofia Molina,M,2026-01-09,270.59,Villa Nueva,Retail
501788,Gustavo Herrera,M,2026-02-22,413.15,Villa Nueva,Retail
502740,Isabel Paz,F,2026-02-14,227.83,Desconocida,Retail
501080,Carlos Rojas,M,2026-01-19,218.57,Mixco,Services
500463,Fernando Hernandez,M,2026-02-12,275.48,Amatitlan,Retail
500988,Oscar  Ortega,F,2026-02-27,428.68,Mixco,Food
501989,Pedro Perez,M,2026-01-30,183.8,Quetzaltenango,Education
500319,Sofia Cruz,F,2026-02-25,72.05,Mixco,Services
503907,Fernando  Mejia,F,2026-02-20,288.21,Guatemala,Retail
502552,Valeria Herrera,M,2026-01-24,406.48,Escuintla,Education
500373,Gustavo Mazariegos,F,2026-02-11,251.8,Guatemala,Food
504597,Hector Ruiz,M,2026-02-15,17.24,Quetzaltenango,Retail
504217,Gabriela Torres,M,2026-02-17,251.8,Quetzaltenango,Services
501331,Daniel Rojas,F,2026-01-20,17.0,Amatitlan,Retail
504520,Jose Flores,F,2026-02-11,222.68,Guatemala,Education
504071,Pablo Ramirez,F,2026-02-10,251.8,Mixco,Services
501183,Monica Mendez,M,2026-01-03,9.59,Desconocida,Food
500410,Valeria Ramirez,M,2026-01-26,251.8,Villa Nueva,Services
501459,Miguel Mendez,M,2026-02-08,251.8,Chimaltenango,Education
500069,Ana Nunez,F,2026-01-19,326.51,Quetzaltenango,Retail
504061,Valeria Mejia,M,2026-02-07,251.8,Villa Nueva,Education
503862,Jose  Rojas,M,2026-01-05,356.88,Villa Nueva,Retail
502537,Maria Flores,F,2026-01-16,297.36,Amatitlan,Retail
500343,Ana Mendez,M,2026-02-14,128.16,Quetzaltenango,Retail
504503,Monica  Torres,M,2026-02-24,251.8,Guatemala,Services
502352,Valeria Paz,F,2026-02-24,79.57,Villa Nueva,Retail
502063,Oscar  Diaz,M,2026-01-19,251.8,Chimaltenango,Food
503832,Andrea Rojas,M,2026-01-09,303.9,Quetzaltenango,Services
504126,Paola  Rojas,M,2026-01-21,74.95,Mixco,Retail
503997,Oscar Soto,F,2026-02-16,301.03,Desconocida,Education
503389,Carlos Reyes,M,2026-02-12,361.88,Escuintla,Education
501379,Oscar Torres,M,2026-02-07,455.42,Quetzaltenango,Services
500589,Rene Lima,M,2026-01-21,367.21,Escuintla,Food
502387,Miguel Ortega,F,2026-03-01,499.64,Desconocida,Food
500864,Ana Soto,F,2026-01-31,176.42,Mixco,Food
502620,Oscar Mendez,F,2026-02-05,96.62,Escuintla,Retail
503773,Karla  Flores,M,2026-02-22,328.01,Desconocida,Education
500996,Oscar Lima,F,2026-02-01,478.69,Mixco,Services
500028,Diana Fuentes,F,2026-01-17,251.8,Quetzaltenango,Services
501165,Jose Mejia,F,2026-02-13,292.5,Villa Nueva,Retail
504367,Laura Molina,M,2026-02-17,423.14,Chimaltenango,Retail
503126,Jose Mazariegos,M,2026-02-26,447.26,Villa Nueva,Education
500509,Laura Soto,M,2026-02-25,270.24,Quetzaltenango,Services
503119,Monica Herrera,M,2026-02-23,251.8,Escuintla,Retail
504231,Diana Cruz,M,2026-02-03,60.63,Villa Nueva,Services
504334,Pablo Reyes,M,2026-01-18,265.16,Escuintla,Services
503171,Gustavo Ruiz,F,2026-02-13,68.71,Quetzaltenango,Services
500717,Paola Alvarez,F,2026-01-23,181.81,Desconocida,Food
503436,Rene Castillo,F,2026-01-10,119.24,Villa Nueva,Services
502833,Daniel Mazariegos,M,2026-02-07,348.88,Escuintla,Services
501716,Rene Flores,F,2026-01-15,377.49,Villa Nueva,Education
502423,Laura  Rojas,M,2026-01-03,280.29,Guatemala,Services
504201,Pablo Paz,M,2026-02-13,314.42,Chimaltenango,Food
500365,Elena  Molina,F,2026-01-12,442.07,Mixco,Food
500249,Hector Herrera,M,2026-01-10,329.83,Villa Nueva,Food
500519,Diana Torres,M,2026-01-04,251.8,Antigua,Food
504733,Ricardo Mendez,M,2026-02-12,362.51,Antigua,Services
501958,Jose Hernandez,F,2026-01-20,467.27,Mixco,Retail
501002,Diana Vargas,F,2026-01-15,251.8,Amatitlan,Education
504014,Juan Molina,M,2026-01-20,65.42,Quetzaltenango,Education
504602,Andrea Gomez,M,2026-01-15,157.78,Escuintla,Retail
503122,Ricardo Mazariegos,F,2026-02-19,160.73,Quetzaltenango,Services
501723,Juan Ruiz,F,2026-02-07,284.55,Escuintla,Services
500215,Sofia Lopez,M,2026-02-08,144.4,Desconocida,Retail
500219,Karla Castillo,M,2026-01-09,446.32,Villa Nueva,Retail
500657,Oscar  Torres,F,2026-01-19,447.11,Quetzaltenango,Education
501949,Monica Reyes,M,2026-02-06,414.49,Chimaltenango,Retail
503203,Luis Alvarez,M,2026-02-23,264.72,Chimaltenango,Food
501117,Ana Mejia,M,2026-01-07,486.87,Villa Nueva,Food
501582,Paola Morales,M,2026-02-04,118.86,Villa Nueva,Services
504222,Ricardo Mejia,F,2026-02-07,204.77,Escuintla,Retail
501611,Daniel  Soto,M,2026-02-01,89.2,Chimaltenango,Food
500347,Gustavo Lopez,M,2026-02-04,477.55,Guatemala,Food
500968,Maria Cruz,F,2026-02-04,467.45,Desconocida,Education
504561,Hector Aguilar,F,2026-02-23,364.66,Antigua,Education
504565,Kevin  Ruiz,M,2026-02-26,191.71,Escuintla,Retail
502238,Daniel Alvarez,F,2026-01-30,192.3,Amatitlan,Retail
503592,Monica  Gomez,M,2026-01-18,498.01,Mixco,Retail
501066,Monica Mejia,M,2026-02-07,498.96,Antigua,Education
503014,Carlos Soto,M,2026-01-07,251.8,Guatemala,Retail
502272,Jose Paz,M,2026-02-25,167.93,Guatemala,Education
502880,Patricia Castillo,M,2026-02-16,458.94,Villa Nueva,Education
501049,Isabel  Paz,M,2026-01-24,494.43,Chimaltenango,Retail
504570,Gabriela Ruiz,M,2026-01-19,231.76,Antigua,Retail
500064,Diana Reyes,M,2026-01-17,443.63,Mixco,Retail
500571,Sofia Alvarez,M,2026-01-04,349.16,Amatitlan,Education
503083,Oscar Diaz,F,2026-02-21,482.78,Chimaltenango,Education
503918,Laura Mazariegos,F,2026-01-29,495.37,Amatitlan,Retail
501013,Laura  Diaz,F,2026-02-20,413.17,Mixco,Retail
504361,Ricardo  Rojas,F,2026-01-07,254.42,Escuintla,Retail
500112,Carmen Hernandez,M,2026-02-05,128.04,Escuintla,Food
500061,Elena Nunez,F,2026-02-16,48.52,Amatitlan,Food
501619,Oscar Aguilar,M,2026-01-02,294.31,Amatitlan,Food
500755,Carmen Perez,F,2026-02-13,164.2,Mixco,Food
502732,Hector Castillo,F,2026-02-24,406.33,Chimaltenango,Services
504510,Maria  Molina,F,2026-01-05,15.52,Villa Nueva,Services
503967,Pablo  Aguilar,F,2026-02-13,155.75,Escuintla,Retail
501391,Rene Fuentes,F,2026-02-27,251.8,Antigua,Retail
503422,Pablo  Reyes,F,2026-02-16,344.34,Escuintla,Education
503268,Pedro Aguilar,F,2026-01-23,262.55,Guatemala,Food
502551,Carmen Mendez,F,2026-01-31,146.52,Quetzaltenango,Retail
501494,Gustavo Aguilar,F,2026-02-05,416.26,Escuintla,Food
503353,Paola Hernandez,M,2026-01-24,349.65,Guatemala,Retail
500648,Pablo Alvarez,M,2026-01-21,446.88,Mixco,Services
500504,Rene Gomez,F,2026-02-23,253.14,Mixco,Education
501414,Hector Flores,M,2026-02-14,251.8,Quetzaltenango,Retail
504761,Sofia Castillo,M,2026-02-24,251.8,Escuintla,Retail
501844,Carlos Lima,M,2026-02-13,37.71,Quetzaltenango,Education
500961,Valeria  Vargas,M,2026-01-30,371.09,Antigua,Services
500638,Carmen  Rojas,F,2026-02-05,160.63,Mixco,Education
504124,Jose Lopez,M,2026-01-10,198.76,Amatitlan,Food
501831,Laura Ruiz,F,2026-02-19,73.77,Guatemala,Food
500642,Sofia Mejia,F,2026-01-05,3.16,Antigua,Food
501830,Paola Alvarez,F,2026-02-21,94.47,Quetzaltenango,Services
500269,Juan Perez,F,2026-02-10,3.17,Quetzaltenango,Services
504791,Luis Aguilar,M,2026-02-01,283.56,Escuintla,Education
500884,Jose Ramirez,F,2026-01-19,47.61,Quetzaltenango,Retail
500628,Carmen Diaz,F,2026-02-21,214.87,Quetzaltenango,Retail
503571,Monica Vargas,F,2026-02-19,237.56,Antigua,Services
500338,Paola  Lima,M,2026-01-06,353.74,Quetzaltenango,Food
501104,Miguel Lima,F,2026-01-10,251.8,Desconocida,Services
502669,Juan Dominguez,F,2026-02-22,382.45,Antigua,Retail
500099,Paola Ramirez,M,2026-01-01,495.08,Escuintla,Services
501023,Gustavo Alvarez,M,2026-01-07,123.16,Chimaltenango,Services
500176,Karla Ramirez,M,2026-01-03,29.89,Chimaltenango,Food
502792,Ana Reyes,M,2026-01-27,123.37,Amatitlan,Services
502513,Jose Reyes,F,2026-01-17,297.35,Guatemala,Food
501206,Elena Herrera,M,2026-01-05,489.97,Villa Nueva,Food
504224,Maria  Cruz,M,2026-02-03,178.19,Guatemala,Services
500956,Isabel Mejia,F,2026-02-02,477.1,Villa Nueva,Retail
504023,Paola Mejia,F,2026-02-24,422.45,Chimaltenango,Education
503771,Daniel Gomez,F,2026-02-08,211.31,Mixco,Education
502854,Diana Flores,M,2026-02-25,378.43,Chimaltenango,Food
501105,Laura Flores,F,2026-02-10,42.92,Antigua,Services
502506,Oscar Ruiz,M,2026-02-14,306.98,Escuintla,Retail
500962,Rene Herrera,M,2026-01-14,251.8,Villa Nueva,Retail
503888,Valeria Fuentes,M,2026-01-23,52.81,Desconocida,Education
504496,Carlos Fuentes,M,2026-02-15,170.03,Escuintla,Education
504242,Jose Flores,M,2026-02-24,251.8,Quetzaltenango,Services
502326,Gustavo Ramirez,M,2026-02-14,227.31,Chimaltenango,Education
502123,Maria Mendez,F,2026-02-17,390.87,Mixco,Retail
503509,Diana Ortega,M,2026-01-17,198.34,Villa Nueva,Services
501382,Diana Diaz,F,2026-01-17,400.54,Guatemala,Food
501407,Carlos Vargas,F,2026-02-09,115.68,Chimaltenango,Food
504458,Luis Hernandez,M,2026-02-27,197.5,Villa Nueva,Education
504265,Sofia Dominguez,F,2026-02-14,130.43,Mixco,Food
500472,Juan Solis,M,2026-01-05,165.72,Villa Nueva,Education
502462,Pedro Gomez,M,2026-01-21,287.89,Mixco,Food
500358,Pablo Mendez,F,2026-01-18,94.47,Quetzaltenango,Food
502377,Pedro Lima,M,2026-02-13,251.8,Chimaltenango,Retail
500118,Carlos Solis,M,2026-01-06,103.43,Amatitlan,Food
503414,Monica Ramirez,F,2026-02-13,428.1,Desconocida,Food
500002,Gustavo Aguilar,F,2026-01-08,251.8,Quetzaltenango,Retail
504424,Ana Lima,F,2026-01-18,290.31,Chimaltenango,Food
502491,Miguel Perez,F,2026-01-08,20.48,Amatitlan,Food
502398,Miguel  Perez,M,2026-01-07,344.01,Mixco,Services
501161,Ricardo Castillo,M,2026-01-05,210.79,Amatitlan,Services
501196,Andrea Fuentes,M,2026-01-11,305.29,Quetzaltenango,Services
504603,Fernando Torres,M,2026-01-14,471.05,Villa Nueva,Services
504371,Laura  Aguilar,M,2026-02-08,41.72,Quetzaltenango,Services
502040,Luis  Perez,F,2026-02-04,183.14,Amatitlan,Services
504640,Patricia Fuentes,F,2026-02-18,150.43,Antigua,Services
504794,Rene Aguilar,F,2026-02-03,196.76,Villa Nueva,Retail
501329,Maria Ruiz,M,2026-01-28,183.79,Quetzaltenango,Services
504364,Isabel  Mendez,F,2026-01-21,336.65,Quetzaltenango,Services
503426,Carmen Castillo,M,2026-01-06,149.55,Villa Nueva,Retail
501647,Patricia Torres,M,2026-01-16,283.35,Chimaltenango,Food
503156,Miguel Perez,F,2026-02-10,414.25,Villa Nueva,Services
501304,Carlos  Mejia,F,2026-01-11,441.32,Chimaltenango,Food
500307,Miguel Lopez,F,2026-02-04,483.25,Chimaltenango,Education
502984,Maria Rojas,M,2026-01-28,120.04,Amatitlan,Education
500294,Patricia  Cruz,M,2026-02-15,374.59,Desconocida,Services
500951,Jose  Mendez,M,2026-01-25,494.36,Chimaltenango,Food
501501,Maria Paz,F,2026-02-20,453.27,Escuintla,Services
500668,Monica Lopez,M,2026-01-04,343.03,Villa Nueva,Education
500236,Oscar Fuentes,M,2026-01-05,116.82,Antigua,Education
502713,Juan Gomez,F,2026-01-26,357.66,Mixco,Education
503730,Patricia Solis,M,2026-02-01,26.46,Quetzaltenango,Education
503510,Laura  Castillo,F,2026-01-18,172.82,Quetzaltenango,Retail
500098,Miguel Ramirez,M,2026-01-10,90.47,Quetzaltenango,Education
501727,Karla Mendez,F,2026-01-04,71.44,Desconocida,Retail
501737,Hector Flores,F,2026-01-25,149.26,Quetzaltenango,Education
503989,Elena Paz,M,2026-01-02,464.88,Amatitlan,Education
501827,Patricia Castillo,M,2026-02-18,251.8,Amatitlan,Services
504726,Laura  Cruz,M,2026-02-27,406.91,Escuintla,Education
500580,Laura Diaz,M,2026-01-24,423.42,Antigua,Services
502657,Carlos Mejia,F,2026-01-24,341.06,Antigua,Education
501268,Isabel Alvarez,F,2026-02-03,202.61,Chimaltenango,Food
503158,Andrea Vargas,F,2026-01-14,181.4,Guatemala,Retail
501432,Luis Castillo,M,2026-01-27,409.18,Chimaltenango,Education
504792,Isabel Lima,F,2026-02-27,392.71,Amatitlan,Education
500595,Daniel Gomez,M,2026-02-26,169.77,Villa Nueva,Services
501975,Oscar Soto,M,2026-01-20,461.3,Antigua,Food
502641,Luis Rojas,M,2026-02-16,359.29,Guatemala,Retail
501279,Gustavo  Solis,M,2026-02-19,444.22,Escuintla,Retail
500066,Patricia Aguilar,F,2026-01-05,449.85,Antigua,Food
500354,Kevin Vargas,M,2026-02-24,419.12,Quetzaltenango,Food
504519,Patricia Dominguez,F,2026-01-13,32.81,Amatitlan,Food
500946,Fernando Lopez,F,2026-02-07,342.61,Escuintla,Services
501073,Rene Perez,M,2026-02-07,390.99,Mixco,Education
504657,Gabriela Cruz,M,2026-02-26,3.6,Guatemala,Retail
504516,Gustavo Lopez,F,2026-02-03,68.91,Guatemala,Services
502708,Rene Lopez,F,2026-03-01,370.3,Antigua,Education
501241,Monica  Paz,M,2026-02-05,251.8,Chimaltenango,Retail
502878,Andrea Hernandez,M,2026-02-28,208.49,Escuintla,Food
504628,Paola Lima,F,2026-02-26,102.1,Desconocida,Education
502995,Pedro Morales,M,2026-02-04,481.83,Escuintla,Food
504783,Andrea Reyes,F,2026-02-05,27.96,Escuintla,Food
502603,Gabriela Vargas,F,2026-02-03,363.71,Escuintla,Retail
502832,Valeria Molina,M,2026-01-27,113.47,Quetzaltenango,Retail
502859,Oscar Paz,M,2026-01-06,152.99,Antigua,Retail
503140,Daniel Torres,F,2026-02-02,305.08,Antigua,Retail
503277,Elena Morales,F,2026-01-02,137.43,Villa Nueva,Services
504233,Juan Dominguez,M,2026-02-25,476.95,Chimaltenango,Food
501780,Karla Herrera,M,2026-01-26,393.7,Amatitlan,Education
503642,Monica Mendez,M,2026-02-26,421.21,Guatemala,Education
502432,Juan Mazariegos,M,2026-01-09,118.42,Villa Nueva,Food
501032,Rene Mazariegos,F,2026-02-11,442.7,Antigua,Services
503219,Pablo Lopez,F,2026-02-25,283.53,Mixco,Food
504020,Oscar Castillo,M,2026-02-17,9.84,Chimaltenango,Education
500821,Luis Flores,M,2026-01-24,33.75,Antigua,Services
501849,Kevin Morales,F,2026-01-31,171.5,Mixco,Retail
503073,Pedro Rojas,F,2026-02-18,297.51,Mixco,Food
502863,Monica Hernandez,M,2026-01-11,350.56,Mixco,Food
503121,Fernando  Perez,F,2026-01-06,95.15,Quetzaltenango,Education
502447,Paola Castillo,F,2026-01-01,325.58,Chimaltenango,Retail
504836,Diana Lima,F,2026-02-19,312.7,Chimaltenango,Education
500997,Andrea Vargas,M,2026-02-11,251.8,Mixco,Services
503970,Kevin  Lopez,F,2026-01-05,251.8,Villa Nueva,Education
500770,Monica Mazariegos,M,2026-02-22,178.08,Escuintla,Retail
500056,Isabel Castillo,F,2026-02-18,468.48,Amatitlan,Services
500139,Paola Molina,M,2026-02-14,157.35,Quetzaltenango,Education
502032,Valeria  Ruiz,M,2026-01-25,293.73,Amatitlan,Retail
501445,Paola Torres,F,2026-02-06,413.0,Chimaltenango,Food
504579,Kevin Perez,F,2026-02-04,336.38,Amatitlan,Food
502236,Valeria  Flores,F,2026-02-09,277.45,Chimaltenango,Education
504617,Daniel Gomez,M,2026-02-13,147.94,Mixco,Retail
500676,Paola Gomez,F,2026-02-27,338.76,Chimaltenango,Services
500172,Patricia Aguilar,M,2026-01-19,275.96,Chimaltenango,Education
502051,Miguel Rojas,F,2026-01-27,493.49,Villa Nueva,Food
500407,Oscar Gomez,M,2026-01-01,251.8,Villa Nueva,Services
504589,Andrea Flores,F,2026-01-01,167.85,Guatemala,Food
500941,Maria Aguilar,M,2026-01-20,260.88,Mixco,Food
504070,Gabriela Ruiz,F,2026-02-23,422.89,Amatitlan,Services
504752,Valeria Reyes,M,2026-02-10,484.87,Guatemala,Retail
502280,Kevin Ortega,M,2026-02-16,324.9,Escuintla,Retail
500604,Jose Aguilar,M,2026-02-17,401.37,Mixco,Services
502837,Rene Fuentes,M,2026-02-09,136.28,Escuintla,Services
504684,Carmen Castillo,M,2026-01-31,22.01,Quetzaltenango,Services
504272,Maria  Solis,M,2026-02-12,153.65,Chimaltenango,Food
500355,Monica Herrera,F,2026-02-11,299.84,Villa Nueva,Education
503910,Ana Fuentes,F,2026-02-20,377.82,Chimaltenango,Education
502654,Hector Dominguez,F,2026-02-15,138.11,Mixco,Services
501765,Miguel Mendez,F,2026-02-15,234.96,Quetzaltenango,Retail
502142,Gustavo  Castillo,M,2026-02-01,283.22,Mixco,Education
503585,Diana Flores,F,2026-02-25,216.45,Mixco,Services
501931,Gustavo Solis,F,2026-01-10,115.42,Antigua,Retail
504297,Miguel Herrera,F,2026-01-28,196.04,Mixco,Retail
500856,Pablo  Solis,F,2026-02-01,20.28,Quetzaltenango,Education
502728,Jose Castillo,F,2026-01-26,322.19,Amatitlan,Services
501860,Miguel Cruz,F,2026-02-11,408.87,Chimaltenango,Services
502007,Monica  Reyes,F,2026-02-25,251.8,Quetzaltenango,Services
504359,Kevin Torres,F,2026-01-05,21.58,Antigua,Retail
504288,Paola Dominguez,F,2026-01-13,28.49,Guatemala,Food
504563,Pablo Gomez,M,2026-02-18,251.8,Escuintla,Services
504575,Valeria Fuentes,F,2026-01-31,416.71,Escuintla,Retail
501111,Laura  Ramirez,M,2026-01-12,84.03,Mixco,Retail
500287,Laura Mazariegos,F,2026-01-21,300.77,Escuintla,Food
500211,Pedro Solis,M,2026-02-02,310.47,Escuintla,Education
504286,Paola Nunez,F,2026-02-18,42.48,Antigua,Services
503346,Kevin Alvarez,F,2026-01-04,328.57,Escuintla,Services
503706,Valeria  Ruiz,M,2026-02-17,461.08,Villa Nueva,Services
501238,Gabriela Hernandez,M,2026-02-12,306.48,Escuintla,Education
504444,Carlos Nunez,M,2026-01-14,11.18,Escuintla,Services
504319,Paola Mazariegos,M,2026-02-08,421.58,Chimaltenango,Services
500449,Rene Cruz,F,2026-01-04,332.99,Guatemala,Education
504443,Rene Ramirez,F,2026-02-01,58.02,Guatemala,Retail
500257,Andrea Paz,M,2026-01-14,175.2,Villa Nueva,Education
503332,Paola Dominguez,F,2026-03-01,213.66,Amatitlan,Food
503027,Fernando Morales,M,2026-02-22,151.65,Quetzaltenango,Services
500450,Paola Fuentes,M,2026-01-13,362.15,Amatitlan,Food
504032,Hector Herrera,F,2026-01-21,323.61,Amatitlan,Retail
502409,Andrea Castillo,F,2026-02-22,203.9,Antigua,Retail
504063,Gustavo Fuentes,F,2026-02-09,49.44,Guatemala,Services
501632,Isabel Cruz,F,2026-01-20,359.06,Chimaltenango,Services
502201,Ricardo Diaz,M,2026-01-10,172.18,Antigua,Education
500910,Diana Diaz,M,2026-01-02,208.98,Desconocida,Services
503646,Rene Gomez,F,2026-01-18,331.94,Chimaltenango,Education
504021,Gabriela Alvarez,F,2026-01-22,397.62,Escuintla,Services
503565,Rene Flores,M,2026-01-08,251.8,Escuintla,Retail
504158,Karla Solis,M,2026-02-04,266.88,Quetzaltenango,Education
501255,Ricardo  Paz,F,2026-02-22,438.31,Antigua,Education
501862,Paola  Castillo,M,2026-02-22,207.26,Villa Nueva,Education
503554,Laura Dominguez,F,2026-01-17,445.48,Escuintla,Retail
500989,Gabriela  Perez,F,2026-01-05,456.09,Villa Nueva,Education
504046,Juan  Torres,F,2026-02-01,293.89,Villa Nueva,Services
503478,Carlos Mendez,M,2026-01-13,432.97,Amatitlan,Food
500396,Valeria  Lopez,M,2026-02-22,355.53,Mixco,Food
503846,Elena Castillo,F,2026-02-11,319.87,Antigua,Education
500761,Rene Fuentes,M,2026-01-08,299.28,Desconocida,Education
502480,Diana Herrera,F,2026-01-31,175.59,Quetzaltenango,Education
503875,Juan Fuentes,M,2026-01-02,232.24,Escuintla,Education
503068,Carlos Cruz,M,2026-02-19,156.39,Amatitlan,Retail
500130,Daniel Mejia,F,2026-02-14,463.4,Escuintla,Retail
502798,Isabel Hernandez,M,2026-01-12,308.77,Quetzaltenango,Education
504336,Diana Lima,F,2026-01-06,108.65,Quetzaltenango,Food
504824,Maria  Fuentes,M,2026-02-13,372.82,Amatitlan,Retail
503191,Diana Castillo,F,2026-02-02,86.31,Villa Nueva,Retail
503459,Patricia Vargas,F,2026-02-25,177.74,Quetzaltenango,Services
503345,Pablo Mazariegos,F,2026-01-13,181.86,Villa Nueva,Food
502561,Kevin  Lima,F,2026-02-09,136.83,Mixco,Retail
501214,Hector Ruiz,F,2026-01-05,251.8,Antigua,Services
503283,Miguel Ortega,F,2026-02-08,300.67,Escuintla,Education
504699,Jose Soto,F,2026-01-01,235.42,Guatemala,Education
500777,Carmen Herrera,F,2026-01-27,62.08,Antigua,Retail
500606,Diana  Nunez,F,2026-01-15,393.12,Mixco,Food
501318,Gustavo Mendez,F,2026-01-08,251.8,Mixco,Education
501257,Elena  Paz,M,2026-02-17,308.01,Villa Nueva,Education
500557,Laura Lima,F,2026-02-27,251.8,Quetzaltenango,Retail
504866,Laura Alvarez,M,2026-01-23,227.56,Chimaltenango,Food
502702,Andrea  Lima,M,2026-01-27,171.3,Villa Nueva,Food
504150,Laura Diaz,M,2026-02-14,118.55,Amatitlan,Food
502903,Miguel Gomez,F,2026-02-23,291.96,Quetzaltenango,Services
501873,Patricia Rojas,M,2026-01-23,370.1,Amatitlan,Services
501157,Jose Nunez,F,2026-02-19,392.12,Antigua,Services
500327,Sofia Morales,F,2026-02-11,150.91,Chimaltenango,Services
503390,Isabel Flores,M,2026-02-03,251.8,Guatemala,Food
500692,Diana Morales,M,2026-02-19,251.8,Amatitlan,Education
500220,Fernando  Fuentes,M,2026-01-09,300.3,Quetzaltenango,Retail
501651,Ricardo Mendez,F,2026-01-24,470.12,Villa Nueva,Education
500522,Ricardo Nunez,M,2026-02-18,482.04,Quetzaltenango,Food
502116,Elena Fuentes,F,2026-02-13,129.02,Antigua,Retail
503966,Ricardo Morales,F,2026-02-05,6.62,Amatitlan,Education
500200,Sofia Ramirez,M,2026-02-07,354.3,Desconocida,Services
502286,Isabel Rojas,M,2026-01-10,428.23,Chimaltenango,Education
500554,Carlos Vargas,F,2026-01-27,244.6,Mixco,Services
500896,Gustavo Molina,M,2026-02-16,23.51,Escuintla,Food
504582,Daniel Castillo,F,2026-02-16,233.49,Guatemala,Education
503115,Laura Herrera,M,2026-03-01,251.8,Quetzaltenango,Education
504524,Carlos Alvarez,M,2026-02-18,169.39,Villa Nueva,Education
501439,Patricia Flores,M,2026-01-01,216.64,Mixco,Services
501410,Valeria Hernandez,M,2026-02-18,407.29,Desconocida,Education
504368,Oscar Rojas,F,2026-01-25,231.67,Amatitlan,Food
502256,Sofia Paz,F,2026-02-20,222.95,Quetzaltenango,Education
503409,Isabel Molina,M,2026-02-28,251.8,Chimaltenango,Food
500858,Sofia  Solis,F,2026-01-20,19.22,Mixco,Services
500160,Sofia Nunez,F,2026-01-19,168.37,Chimaltenango,Retail
502171,Daniel Alvarez,F,2026-02-08,251.8,Villa Nueva,Education
500886,Isabel Ortega,M,2026-02-22,141.55,Villa Nueva,Education
501726,Juan Ruiz,F,2026-02-01,337.36,Antigua,Education
500691,Ricardo Alvarez,F,2026-01-15,300.61,Desconocida,Services
500459,Isabel Vargas,M,2026-01-05,165.12,Desconocida,Services
502900,Isabel Diaz,F,2026-01-14,308.36,Villa Nueva,Education
500643,Elena Molina,M,2026-02-05,170.48,Antigua,Food
500078,Valeria Ruiz,M,2026-02-24,333.69,Mixco,Services
504742,Sofia Solis,M,2026-01-17,389.86,Antigua,Retail
504536,Hector Alvarez,M,2026-02-18,477.66,Guatemala,Retail
502319,Kevin Mendez,M,2026-02-24,36.63,Villa Nueva,Food
503530,Jose Aguilar,F,2026-01-01,255.47,Chimaltenango,Retail
500905,Maria Perez,F,2026-02-05,20.57,Amatitlan,Retail
501451,Gustavo Perez,M,2026-01-14,163.79,Guatemala,Education
502281,Patricia  Nunez,M,2026-01-27,140.22,Desconocida,Retail
504894,Juan Dominguez,M,2026-01-14,377.87,Villa Nueva,Services
503576,Rene Dominguez,M,2026-01-27,115.82,Amatitlan,Food
501028,Miguel Ramirez,F,2026-02-01,460.53,Mixco,Education
500807,Daniel Paz,M,2026-01-17,110.17,Desconocida,Retail
504093,Diana Aguilar,F,2026-02-28,358.07,Mixco,Food
501115,Laura Cruz,F,2026-01-26,209.95,Mixco,Food
500701,Isabel Hernandez,M,2026-02-20,466.65,Mixco,Food
503728,Maria Morales,F,2026-01-13,196.14,Mixco,Services
503399,Ana Castillo,M,2026-01-20,288.6,Chimaltenango,Food
502646,Kevin Diaz,M,2026-01-04,251.8,Mixco,Retail
501390,Ana Torres,M,2026-01-02,148.33,Amatitlan,Retail
501957,Miguel Cruz,F,2026-02-28,116.42,Antigua,Services
500863,Miguel  Ruiz,F,2026-01-16,443.84,Antigua,Education
502460,Oscar  Morales,F,2026-02-12,119.79,Villa Nueva,Education
500747,Patricia Diaz,F,2026-01-21,455.24,Antigua,Services
500238,Sofia Diaz,M,2026-02-06,194.0,Amatitlan,Retail
501525,Daniel Mejia,F,2026-02-03,278.82,Amatitlan,Food
502601,Karla  Diaz,M,2026-02-23,218.57,Guatemala,Retail
501835,Sofia Mazariegos,F,2026-01-08,476.97,Quetzaltenango,Education
501542,Patricia Castillo,F,2026-01-04,445.4,Escuintla,Services
500523,Miguel Rojas,M,2026-02-04,251.8,Escuintla,Services
503801,Oscar Soto,F,2026-02-20,267.33,Antigua,Services
502074,Paola Ruiz,M,2026-01-18,378.48,Guatemala,Food
504152,Gustavo Perez,F,2026-02-04,69.78,Chimaltenango,Food
501654,Elena Alvarez,M,2026-01-22,452.48,Escuintla,Services
502397,Gustavo Mazariegos,M,2026-01-24,392.73,Amatitlan,Education
504686,Ana Mendez,M,2026-01-19,251.8,Villa Nueva,Food
503266,Rene  Solis,M,2026-01-12,162.82,Antigua,Retail
501631,Sofia Diaz,M,2026-02-10,77.41,Antigua,Education
503452,Carmen Rojas,F,2026-03-01,347.79,Desconocida,Retail
501091,Hector Fuentes,M,2026-01-10,112.73,Amatitlan,Food
503241,Gustavo Aguilar,F,2026-01-11,168.93,Antigua,Services
500179,Juan Lopez,M,2026-02-01,251.8,Amatitlan,Education
503458,Pablo Flores,F,2026-02-13,270.66,Mixco,Retail
502148,Luis Ortega,M,2026-01-09,232.54,Mixco,Services
500748,Patricia Castillo,M,2026-02-05,280.9,Antigua,Retail
503863,Karla Solis,M,2026-02-03,418.61,Guatemala,Services
504401,Fernando Rojas,F,2026-01-04,251.8,Escuintla,Food
500633,Luis Nunez,F,2026-01-15,307.35,Amatitlan,Food
502489,Isabel Rojas,M,2026-02-17,412.38,Guatemala,Retail
503563,Rene Mendez,M,2026-01-24,431.03,Amatitlan,Education
500730,Isabel Torres,M,2026-01-17,224.7,Mixco,Education
502717,Pablo Mejia,M,2026-02-04,140.81,Mixco,Services
502149,Carlos Lima,F,2026-01-16,9.03,Escuintla,Education
500082,Valeria Ramirez,F,2026-01-02,305.16,Villa Nueva,Education
504483,Patricia Ramirez,M,2026-01-15,233.19,Villa Nueva,Services
501120,Kevin Alvarez,F,2026-01-11,209.32,Chimaltenango,Services
503934,Patricia Aguilar,F,2026-01-06,218.09,Guatemala,Food
503560,Hector Torres,M,2026-02-19,493.73,Quetzaltenango,Retail
501422,Miguel  Mejia,M,2026-01-16,396.95,Mixco,Food
502070,Ana Fuentes,M,2026-01-22,263.2,Guatemala,Food
504052,Gabriela Alvarez,M,2026-01-31,436.21,Quetzaltenango,Retail
502663,Kevin Soto,M,2026-02-21,269.64,Guatemala,Services
504225,Juan Soto,F,2026-02-02,251.8,Escuintla,Food
500126,Andrea Solis,F,2026-01-28,238.43,Guatemala,Education
501846,Carlos Ortega,M,2026-01-21,61.92,Antigua,Services
501588,Gabriela  Gomez,F,2026-01-18,45.78,Guatemala,Food
501367,Fernando Paz,M,2026-01-23,453.72,Escuintla,Education
501627,Luis Paz,F,2026-01-09,55.93,Amatitlan,Retail
502076,Miguel Rojas,F,2026-01-08,105.04,Mixco,Food
501110,Kevin Soto,M,2026-01-21,295.84,Amatitlan,Food
500675,Valeria Lima,M,2026-02-21,49.23,Antigua,Education
501299,Juan Molina,F,2026-02-15,373.86,Chimaltenango,Services
503488,Andrea Ramirez,M,2026-01-02,315.92,Mixco,Services
501262,Karla Gomez,M,2026-02-24,188.52,Quetzaltenango,Services
500853,Gabriela Lima,F,2026-02-28,288.62,Amatitlan,Education
501999,Gustavo  Ramirez,F,2026-02-20,251.8,Amatitlan,Services
503547,Diana Ruiz,M,2026-01-08,137.79,Chimaltenango,Retail
503939,Paola Lima,F,2026-01-04,251.8,Amatitlan,Food
500075,Andrea Nunez,F,2026-01-05,196.13,Antigua,Services
502970,Miguel Fuentes,F,2026-01-13,251.8,Mixco,Food
500331,Pablo Ramirez,M,2026-02-15,150.35,Villa Nueva,Services
503007,Laura Lopez,F,2026-01-24,238.47,Escuintla,Food
501707,Valeria Torres,F,2026-02-26,86.03,Guatemala,Food
503988,Juan Perez,F,2026-01-20,251.8,Escuintla,Education
504848,Gabriela Paz,M,2026-01-26,70.29,Guatemala,Services
500079,Monica Morales,M,2026-03-01,74.55,Guatemala,Services
504013,Karla Flores,M,2026-01-24,219.4,Escuintla,Food
503042,Valeria Ortega,M,2026-01-02,48.67,Guatemala,Retail
501152,Daniel Mendez,M,2026-02-05,369.36,Chimaltenango,Education
503629,Valeria Nunez,F,2026-01-31,409.6,Quetzaltenango,Education
501227,Valeria Flores,F,2026-01-25,383.14,Chimaltenango,Food
500175,Fernando Dominguez,F,2026-02-22,251.8,Quetzaltenango,Retail
500542,Gustavo  Herrera,F,2026-01-11,191.64,Antigua,Retail
504789,Fernando Hernandez,F,2026-02-01,399.6,Quetzaltenango,Retail
503057,Elena Rojas,F,2026-01-16,1.55,Antigua,Food
500482,Gabriela Diaz,M,2026-01-04,96.51,Mixco,Services
502980,Daniel  Castillo,F,2026-02-09,214.92,Amatitlan,Services
501933,Karla Herrera,F,2026-02-08,93.16,Amatitlan,Retail
500401,Carmen Hernandez,F,2026-02-20,152.12,Mixco,Food
500792,Monica Torres,M,2026-02-16,30.88,Guatemala,Food
500963,Carlos Reyes,M,2026-02-22,31.29,Mixco,Services
501388,Paola Dominguez,M,2026-02-20,459.44,Quetzaltenango,Services
500243,Andrea Morales,M,2026-02-08,131.6,Amatitlan,Food
500711,Ricardo Nunez,M,2026-02-11,246.08,Amatitlan,Food
504329,Gustavo Aguilar,M,2026-02-18,1.07,Chimaltenango,Services
504030,Oscar Ortega,M,2026-01-13,10.13,Quetzaltenango,Education
503024,Andrea Dominguez,F,2026-01-06,113.39,Guatemala,Retail
500678,Gabriela Cruz,M,2026-01-22,481.84,Mixco,Education
504514,Karla  Herrera,M,2026-02-19,7.14,Villa Nueva,Education
500484,Karla Lopez,M,2026-01-14,480.53,Escuintla,Services
501986,Karla Alvarez,M,2026-02-14,491.11,Escuintla,Education
503962,Miguel Morales,M,2026-01-06,93.96,Amatitlan,Services
502213,Jose  Ramirez,M,2026-02-08,99.81,Antigua,Education
501205,Kevin Mejia,F,2026-01-13,69.72,Chimaltenango,Food
504719,Diana  Herrera,F,2026-01-31,36.12,Quetzaltenango,Education
502209,Pablo  Lima,M,2026-01-24,246.69,Antigua,Retail
501927,Monica Solis,M,2026-02-27,155.13,Guatemala,Food
500190,Oscar Ortega,F,2026-02-09,251.8,Quetzaltenango,Retail
500473,Pedro  Gomez,F,2026-02-24,344.67,Mixco,Retail
504809,Daniel Lima,F,2026-02-09,187.64,Guatemala,Food
504089,Valeria Dominguez,F,2026-01-06,432.82,Mixco,Food
501628,Diana  Soto,F,2026-01-06,22.97,Chimaltenango,Retail
502553,Miguel Molina,F,2026-01-22,96.49,Antigua,Retail
501981,Andrea Vargas,M,2026-01-10,276.65,Guatemala,Education
504405,Patricia Rojas,F,2026-01-12,65.14,Amatitlan,Services
502504,Monica Lima,M,2026-01-06,193.66,Escuintla,Retail
502044,Maria Ruiz,M,2026-01-31,251.8,Mixco,Education
502437,Miguel Fuentes,F,2026-01-18,5.18,Quetzaltenango,Education
500390,Andrea Mazariegos,F,2026-02-12,417.45,Quetzaltenango,Services
504055,Isabel Ramirez,F,2026-02-21,416.78,Villa Nueva,Education
503969,Sofia Ortega,M,2026-02-10,445.85,Villa Nueva,Services
502274,Hector  Herrera,M,2026-02-22,209.55,Villa Nueva,Services
503408,Isabel Morales,M,2026-02-01,251.8,Guatemala,Food
500279,Daniel  Hernandez,F,2026-02-28,406.72,Amatitlan,Services
502310,Andrea Herrera,F,2026-02-08,443.32,Chimaltenango,Education
504892,Monica Solis,M,2026-01-22,39.69,Quetzaltenango,Education
503531,Gabriela Reyes,M,2026-01-12,440.77,Mixco,Services
503180,Paola Herrera,M,2026-02-15,330.1,Amatitlan,Services
501854,Juan Dominguez,M,2026-01-25,76.69,Amatitlan,Services
500054,Jose Aguilar,F,2026-01-15,429.88,Villa Nueva,Food
504850,Pablo  Vargas,M,2026-01-11,240.04,Chimaltenango,Retail
501878,Fernando  Reyes,M,2026-01-26,432.68,Mixco,Retail
500277,Isabel  Mazariegos,F,2026-02-14,461.63,Quetzaltenango,Retail
504819,Diana Castillo,M,2026-02-05,256.11,Antigua,Services
504295,Carmen Diaz,M,2026-02-03,362.98,Mixco,Services
503135,Karla Castillo,F,2026-01-02,196.8,Villa Nueva,Education
503621,Laura Mendez,F,2026-02-25,207.23,Mixco,Services
500264,Fernando  Morales,F,2026-01-07,388.03,Quetzaltenango,Retail
504355,Andrea  Flores,M,2026-02-22,194.61,Quetzaltenango,Education
503849,Fernando Nunez,F,2026-01-20,86.59,Villa Nueva,Retail
504386,Isabel Cruz,M,2026-01-18,251.8,Antigua,Education
502146,Sofia Nunez,M,2026-01-02,256.68,Escuintla,Retail
501101,Elena Ruiz,F,2026-01-11,251.8,Quetzaltenango,Food
502742,Sofia Herrera,F,2026-01-19,325.43,Guatemala,Education
502218,Sofia Mejia,F,2026-02-26,230.12,Mixco,Services
503172,Andrea Nunez,M,2026-01-19,44.07,Quetzaltenango,Retail
501534,Luis Mazariegos,F,2026-01-04,360.8,Quetzaltenango,Services
504598,Valeria Mazariegos,M,2026-01-11,251.8,Escuintla,Services
502448,Laura  Molina,F,2026-01-14,486.0,Escuintla,Food
502536,Pablo Reyes,M,2026-01-31,161.91,Antigua,Services
503330,Ricardo Cruz,F,2026-02-17,407.75,Guatemala,Food
500259,Luis Lopez,M,2026-02-24,378.38,Guatemala,Retail
504263,Ana Flores,F,2026-02-25,470.7,Guatemala,Retail
502221,Hector Alvarez,F,2026-02-21,456.01,Mixco,Food
501543,Gustavo  Hernandez,M,2026-01-28,374.9,Guatemala,Retail
500739,Valeria Dominguez,F,2026-02-27,57.02,Mixco,Education
504620,Monica Ruiz,M,2026-01-06,116.68,Escuintla,Food
504398,Gabriela Morales,F,2026-02-20,393.69,Antigua,Education
502441,Ricardo Lopez,F,2026-01-31,394.81,Amatitlan,Food
502909,Paola Ortega,M,2026-01-01,472.25,Mixco,Education
501491,Pablo Solis,F,2026-02-05,31.82,Mixco,Services
501910,Pablo Perez,F,2026-02-25,67.06,Guatemala,Education
501271,Ricardo Mejia,F,2026-01-02,255.64,Antigua,Services
503435,Carmen Alvarez,M,2026-01-02,17.59,Mixco,Education
502631,Gustavo Morales,M,2026-03-01,202.04,Mixco,Retail
502774,Monica Ramirez,F,2026-01-24,349.5,Villa Nueva,Services
504466,Ricardo Castillo,M,2026-02-09,251.8,Villa Nueva,Services
502249,Diana Herrera,M,2026-01-16,46.85,Antigua,Retail
501185,Monica  Hernandez,F,2026-02-01,103.42,Antigua,Education
502288,Rene Cruz,M,2026-01-29,165.14,Quetzaltenango,Food
504031,Pablo Nunez,F,2026-01-06,127.36,Escuintla,Retail
502381,Maria Herrera,F,2026-02-06,338.33,Mixco,Education
500169,Gustavo Paz,M,2026-02-26,346.41,Amatitlan,Education
503421,Kevin Torres,F,2026-01-07,243.71,Mixco,Food
503607,Jose Alvarez,F,2026-03-01,33.65,Desconocida,Retail
504213,Karla Gomez,F,2026-01-07,251.8,Amatitlan,Services
504546,Paola Molina,M,2026-02-27,300.27,Chimaltenango,Food
501380,Andrea Lopez,M,2026-02-07,401.89,Quetzaltenango,Education
500194,Daniel Solis,M,2026-02-16,36.35,Desconocida,Education
501863,Oscar Vargas,F,2026-01-18,251.8,Villa Nueva,Education
503708,Gustavo Lopez,F,2026-01-26,93.13,Villa Nueva,Food
504346,Diana Soto,M,2026-02-05,252.14,Amatitlan,Education
504711,Luis Soto,M,2026-01-24,433.86,Quetzaltenango,Retail
500252,Kevin Solis,M,2026-02-08,342.74,Escuintla,Retail
504311,Sofia Gomez,M,2026-02-27,251.8,Antigua,Retail
501512,Valeria Morales,M,2026-01-24,115.88,Antigua,Education
503019,Elena Aguilar,M,2026-01-19,251.8,Quetzaltenango,Food
503326,Pablo Nunez,F,2026-02-24,251.8,Amatitlan,Services
502629,Kevin Mazariegos,M,2026-01-03,332.81,Amatitlan,Retail
503961,Sofia Molina,F,2026-02-07,485.41,Antigua,Retail
504038,Monica Paz,M,2026-02-10,69.83,Quetzaltenango,Services
502676,Elena Ruiz,F,2026-01-02,96.44,Mixco,Education
500102,Oscar Solis,M,2026-01-28,444.17,Quetzaltenango,Food
501645,Miguel Diaz,M,2026-01-21,425.76,Villa Nueva,Retail
501461,Laura Alvarez,M,2026-02-05,435.84,Quetzaltenango,Food
503813,Diana Nunez,M,2026-01-05,376.71,Chimaltenango,Education
501107,Ricardo Molina,M,2026-02-10,76.55,Mixco,Food
501295,Hector Diaz,F,2026-02-08,434.62,Escuintla,Services
502571,Oscar Ramirez,M,2026-02-16,24.62,Guatemala,Food
501046,Maria Vargas,M,2026-01-31,52.69,Antigua,Education
501857,Isabel Solis,M,2026-01-08,4.96,Mixco,Services
502020,Luis Herrera,M,2026-01-19,492.73,Escuintla,Food
501365,Gabriela Dominguez,M,2026-02-04,69.48,Amatitlan,Education
501045,Juan Fuentes,F,2026-01-11,8.05,Amatitlan,Food
501515,Ricardo Ruiz,F,2026-01-29,251.8,Desconocida,Food
504538,Patricia Lima,F,2026-01-13,225.98,Escuintla,Services
504863,Patricia Rojas,F,2026-02-07,454.94,Amatitlan,Retail
502095,Jose Gomez,M,2026-01-31,301.19,Desconocida,Education
503663,Patricia Soto,M,2026-01-30,251.8,Guatemala,Education
500177,Fernando Perez,F,2026-01-07,186.28,Mixco,Food
502718,Daniel Vargas,F,2026-01-16,404.88,Mixco,Food
500512,Gustavo Morales,F,2026-01-22,385.48,Escuintla,Education
504713,Isabel Reyes,F,2026-01-29,91.34,Chimaltenango,Services
504057,Carmen Reyes,M,2026-01-06,288.4,Desconocida,Services
500698,Juan Castillo,F,2026-01-01,423.94,Desconocida,Food
502147,Ana Paz,M,2026-01-11,222.41,Villa Nueva,Food
501858,Gustavo  Vargas,M,2026-01-14,492.79,Escuintla,Education
502485,Laura Lima,M,2026-02-15,331.04,Mixco,Services
504515,Andrea Lima,M,2026-01-27,93.69,Chimaltenango,Services
503788,Paola Flores,M,2026-01-18,116.97,Amatitlan,Education
504012,Miguel Gomez,M,2026-01-04,20.84,Guatemala,Education
502117,Miguel Herrera,F,2026-01-08,75.53,Antigua,Services
502541,Laura  Herrera,F,2026-02-04,244.78,Quetzaltenango,Food
500253,Karla Mejia,F,2026-01-09,487.73,Mixco,Food
500974,Pablo Reyes,F,2026-02-19,330.07,Mixco,Services
502179,Pablo Ramirez,M,2026-01-24,299.25,Chimaltenango,Food
503659,Hector Mejia,F,2026-02-28,280.93,Chimaltenango,Retail
500485,Paola Lopez,M,2026-02-20,360.98,Guatemala,Food
501662,Elena  Herrera,M,2026-01-27,243.06,Antigua,Services
501745,Hector Reyes,F,2026-01-02,455.77,Villa Nueva,Services
500713,Hector Fuentes,M,2026-01-12,215.81,Quetzaltenango,Food
504822,Paola Hernandez,M,2026-02-20,23.33,Villa Nueva,Services
500244,Gustavo Molina,F,2026-01-07,352.4,Chimaltenango,Food
501239,Oscar Torres,F,2026-01-07,224.65,Guatemala,Services
501334,Andrea Ortega,F,2026-01-29,288.88,Chimaltenango,Education
501763,Karla Mejia,F,2026-01-26,161.12,Antigua,Food
504583,Gabriela Herrera,F,2026-02-04,449.69,Amatitlan,Retail
501130,Juan Lima,M,2026-02-24,262.24,Chimaltenango,Education
502547,Hector Paz,F,2026-02-27,179.94,Desconocida,Retail
504056,Elena Reyes,F,2026-01-01,246.26,Amatitlan,Food
501701,Ricardo Fuentes,M,2026-01-01,464.12,Escuintla,Retail
504356,Diana Aguilar,M,2026-01-28,232.34,Guatemala,Food
503695,Ana Ortega,M,2026-01-27,355.11,Escuintla,Education
502305,Patricia Diaz,F,2026-01-22,336.39,Quetzaltenango,Food
502130,Andrea Morales,M,2026-01-25,388.08,Quetzaltenango,Food
500714,Carmen Flores,M,2026-02-10,435.52,Antigua,Services
504168,Rene Flores,F,2026-01-24,137.75,Antigua,Education
504677,Valeria Soto,M,2026-02-03,476.2,Antigua,Retail
500168,Rene Mendez,F,2026-01-21,64.46,Chimaltenango,Food
504277,Fernando  Diaz,M,2026-01-02,383.97,Mixco,Food
502361,Rene Solis,F,2026-01-27,61.94,Guatemala,Retail
503485,Luis Hernandez,M,2026-03-01,315.07,Guatemala,Food
502748,Miguel Ruiz,M,2026-02-23,69.02,Amatitlan,Services
503820,Rene Aguilar,M,2026-02-07,252.88,Guatemala,Education
501601,Maria Ortega,F,2026-02-24,439.54,Guatemala,Food
502048,Andrea Hernandez,M,2026-02-21,487.76,Quetzaltenango,Education
502981,Fernando Hernandez,F,2026-02-19,468.64,Escuintla,Food
501768,Maria  Lopez,M,2026-02-10,404.12,Escuintla,Education
502294,Andrea  Lima,F,2026-02-18,341.14,Quetzaltenango,Retail
502861,Laura Morales,F,2026-01-26,251.8,Chimaltenango,Education
501866,Patricia  Ruiz,M,2026-01-02,64.41,Amatitlan,Food
503786,Sofia  Rojas,M,2026-01-28,86.66,Chimaltenango,Services
500332,Kevin Dominguez,F,2026-02-01,361.85,Amatitlan,Education
504661,Rene Dominguez,M,2026-01-17,413.47,Desconocida,Services
503475,Andrea Gomez,M,2026-01-13,497.86,Escuintla,Services
502737,Laura Castillo,M,2026-01-04,264.92,Antigua,Services
500081,Patricia Ruiz,F,2026-02-06,176.0,Antigua,Food
502682,Carmen Ortega,M,2026-01-16,467.29,Villa Nueva,Education
501402,Daniel Soto,F,2026-02-21,113.58,Antigua,Education
500845,Pablo Nunez,F,2026-01-14,251.8,Chimaltenango,Services
503087,Laura Soto,F,2026-02-24,6.94,Villa Nueva,Retail
503909,Hector Lima,M,2026-02-22,63.72,Quetzaltenango,Food
503537,Pablo Ramirez,F,2026-01-16,180.04,Chimaltenango,Retail
501856,Carmen  Mejia,M,2026-01-31,447.4,Amatitlan,Food
504082,Carlos Fuentes,F,2026-02-08,458.41,Quetzaltenango,Services
501376,Miguel Herrera,M,2026-01-04,405.72,Antigua,Retail
504744,Karla Herrera,F,2026-02-24,90.04,Antigua,Services
502188,Sofia Molina,M,2026-02-05,438.37,Guatemala,Retail
503556,Kevin  Fuentes,M,2026-01-28,351.74,Mixco,Food
500089,Monica Cruz,M,2026-01-21,251.8,Desconocida,Services
500196,Gabriela Dominguez,F,2026-02-25,82.97,Antigua,Food
501944,Elena Ortega,M,2026-01-06,251.8,Chimaltenango,Education
502475,Kevin Dominguez,M,2026-01-02,202.34,Desconocida,Education
503587,Diana Molina,F,2026-01-09,149.45,Villa Nueva,Food
500612,Diana Mejia,M,2026-02-13,288.56,Mixco,Retail
504211,Laura Dominguez,F,2026-01-05,125.44,Mixco,Retail
500756,Rene Herrera,F,2026-01-24,25.64,Escuintla,Services
501625,Daniel Ortega,F,2026-01-31,446.54,Amatitlan,Education
502847,Ana Reyes,M,2026-01-28,93.27,Guatemala,Retail
503242,Sofia Dominguez,F,2026-02-12,218.99,Villa Nueva,Services
502944,Pedro  Dominguez,M,2026-02-23,148.65,Mixco,Food
503178,Maria Mejia,M,2026-02-19,421.24,Quetzaltenango,Retail
500887,Luis  Mazariegos,F,2026-01-10,415.53,Quetzaltenango,Education
500556,Jose Rojas,F,2026-02-28,484.28,Escuintla,Food
504115,Fernando Rojas,M,2026-02-09,473.15,Guatemala,Services
504593,Juan Reyes,F,2026-02-12,83.77,Escuintla,Food
504175,Carmen  Nunez,F,2026-01-01,481.44,Antigua,Services
503655,Valeria Fuentes,M,2026-01-16,384.84,Chimaltenango,Services
500790,Isabel Mejia,F,2026-02-23,476.47,Chimaltenango,Food
501070,Monica Morales,F,2026-01-06,251.8,Quetzaltenango,Education
500414,Kevin Flores,M,2026-01-09,436.23,Chimaltenango,Services
502410,Luis  Flores,M,2026-01-18,365.62,Desconocida,Retail
503446,Isabel Ortega,F,2026-02-23,442.31,Chimaltenango,Food
504010,Carlos Paz,F,2026-01-14,169.13,Mixco,Education
500857,Karla Solis,M,2026-02-21,4.91,Quetzaltenango,Retail
501236,Ana Soto,F,2026-02-22,144.03,Chimaltenango,Food
501990,Isabel  Torres,F,2026-01-08,251.8,Escuintla,Retail
503429,Miguel Hernandez,F,2026-02-08,150.66,Amatitlan,Education
502351,Paola Perez,M,2026-02-07,251.8,Escuintla,Food
502751,Ricardo  Soto,F,2026-01-19,242.52,Mixco,Retail
502126,Carlos Nunez,M,2026-02-16,365.49,Mixco,Services
503650,Valeria Aguilar,F,2026-01-05,184.53,Villa Nueva,Services
503719,Patricia Ramirez,F,2026-01-16,444.67,Amatitlan,Retail
502199,Ricardo Vargas,M,2026-02-20,251.8,Quetzaltenango,Services
503484,Isabel Lima,F,2026-01-05,348.56,Escuintla,Food
504092,Carlos Gomez,M,2026-01-04,194.49,Quetzaltenango,Retail
501571,Jose Gomez,F,2026-02-19,222.17,Villa Nueva,Food
502172,Elena Lima,M,2026-01-18,171.69,Amatitlan,Food
502087,Diana Aguilar,M,2026-01-20,251.8,Chimaltenango,Retail
503898,Miguel Mejia,F,2026-01-07,380.28,Antigua,Services
501291,Daniel Reyes,M,2026-01-03,251.8,Villa Nueva,Food
503212,Miguel  Soto,M,2026-01-08,170.19,Antigua,Food
504393,Monica Alvarez,F,2026-02-01,27.86,Villa Nueva,Retail
500070,Paola Rojas,F,2026-01-26,370.08,Guatemala,Education
502412,Sofia Cruz,M,2026-02-14,208.04,Villa Nueva,Food
500018,Karla Perez,F,2026-02-26,141.71,Guatemala,Food
500872,Miguel Mendez,F,2026-02-23,352.43,Mixco,Food
504454,Ana Dominguez,M,2026-02-14,107.35,Antigua,Retail
503523,Ana Herrera,F,2026-01-25,341.85,Escuintla,Retail
501312,Andrea Nunez,M,2026-02-26,251.8,Chimaltenango,Services
504858,Diana Mendez,F,2026-02-16,251.8,Mixco,Retail
501832,Pablo Herrera,F,2026-01-25,251.05,Amatitlan,Services
502647,Miguel Herrera,F,2026-03-01,122.86,Guatemala,Food
500696,Andrea Mazariegos,F,2026-01-08,457.66,Quetzaltenango,Food
502189,Rene Perez,M,2026-01-07,135.09,Amatitlan,Education
502786,Jose  Herrera,M,2026-01-11,251.8,Guatemala,Food
501673,Rene Paz,M,2026-02-26,474.41,Villa Nueva,Food
503026,Jose Morales,M,2026-02-11,244.22,Escuintla,Food
502926,Oscar Herrera,M,2026-02-04,29.46,Escuintla,Retail
502436,Elena Ramirez,M,2026-01-13,295.69,Escuintla,Food
504122,Hector Fuentes,M,2026-01-19,61.88,Villa Nueva,Retail
503942,Patricia Hernandez,M,2026-02-08,196.75,Amatitlan,Retail
501815,Karla Aguilar,F,2026-01-20,66.1,Amatitlan,Retail
504569,Ana Morales,M,2026-01-10,43.0,Amatitlan,Food
502205,Patricia Mejia,M,2026-01-25,302.46,Mixco,Retail
500224,Rene  Morales,F,2026-01-22,455.51,Guatemala,Education
504362,Kevin Soto,F,2026-02-23,435.26,Escuintla,Retail
504702,Kevin Cruz,M,2026-01-12,342.14,Escuintla,Retail
500834,Rene Rojas,F,2026-01-31,57.25,Escuintla,Retail
502295,Hector Solis,M,2026-02-22,108.39,Mixco,Retail
502434,Kevin Ruiz,F,2026-02-05,330.91,Escuintla,Retail
500071,Diana Mendez,M,2026-01-15,222.38,Guatemala,Services
503878,Daniel Torres,M,2026-01-17,298.55,Quetzaltenango,Education
502470,Patricia Ramirez,F,2026-02-11,251.8,Mixco,Education
502635,Ana Aguilar,M,2026-02-05,353.25,Guatemala,Services
501693,Gabriela Gomez,F,2026-02-16,278.57,Chimaltenango,Retail
502849,Isabel Dominguez,F,2026-01-14,461.76,Desconocida,Food
503746,Pablo Lima,F,2026-01-09,429.96,Chimaltenango,Education
503778,Oscar Lopez,F,2026-01-24,171.48,Escuintla,Retail
500585,Oscar Dominguez,F,2026-02-05,231.52,Mixco,Food
504891,Juan Soto,M,2026-01-09,446.82,Chimaltenango,Education
504490,Laura Ramirez,M,2026-01-16,5.72,Escuintla,Services
501140,Kevin Alvarez,F,2026-01-24,222.82,Escuintla,Services
500737,Andrea  Aguilar,F,2026-01-15,4.86,Guatemala,Education
501243,Daniel Lima,F,2026-02-27,401.79,Villa Nueva,Education
500641,Maria Cruz,F,2026-01-11,413.58,Amatitlan,Food
502883,Sofia Vargas,F,2026-01-20,301.88,Villa Nueva,Education
504729,Gustavo Mejia,M,2026-01-29,251.8,Escuintla,Food
502200,Andrea Mazariegos,F,2026-01-10,496.71,Mixco,Services
500448,Ana Mejia,M,2026-01-26,167.71,Antigua,Food
501717,Daniel Soto,M,2026-01-20,378.26,Villa Nueva,Food
501426,Gabriela Mendez,M,2026-02-15,9.33,Amatitlan,Services
504867,Diana Mazariegos,M,2026-01-08,364.06,Mixco,Education
502895,Paola Mendez,F,2026-01-30,251.8,Escuintla,Retail
504029,Andrea Aguilar,M,2026-01-31,178.76,Villa Nueva,Retail
501298,Valeria Mendez,M,2026-02-15,407.43,Quetzaltenango,Education
504528,Hector  Torres,M,2026-02-10,54.7,Desconocida,Education
502057,Juan  Lima,M,2026-02-17,75.48,Amatitlan,Education
500006,Luis Molina,M,2026-02-06,255.71,Mixco,Services
501650,Hector  Gomez,M,2026-02-07,406.17,Mixco,Food
504594,Carlos Reyes,F,2026-01-28,311.74,Quetzaltenango,Food
504000,Diana Paz,M,2026-01-14,251.8,Guatemala,Food
501217,Jose  Herrera,M,2026-01-02,407.96,Quetzaltenango,Education
501137,Oscar Reyes,F,2026-02-07,201.48,Quetzaltenango,Education
501342,Kevin Solis,F,2026-02-20,411.56,Escuintla,Education
503206,Miguel Molina,M,2026-02-19,324.24,Guatemala,Education
501698,Valeria Solis,F,2026-01-01,354.07,Amatitlan,Retail
500929,Elena Nunez,F,2026-02-02,224.0,Antigua,Services
504747,Fernando  Ramirez,M,2026-02-13,38.76,Quetzaltenango,Services
502315,Carmen  Ruiz,F,2026-01-10,491.71,Quetzaltenango,Education
504449,Maria Vargas,M,2026-02-26,299.82,Amatitlan,Services
501095,Luis Castillo,M,2026-02-19,251.8,Desconocida,Services
500478,Ricardo Mejia,F,2026-01-31,2.95,Guatemala,Services
502565,Patricia Solis,F,2026-02-12,233.37,Antigua,Education
500047,Juan Soto,M,2026-02-19,111.34,Quetzaltenango,Services
504885,Isabel Gomez,F,2026-02-15,311.41,Mixco,Food
504558,Ricardo Mendez,M,2026-02-20,127.98,Antigua,Food
500382,Jose  Hernandez,M,2026-02-03,420.71,Quetzaltenango,Food
503287,Ricardo  Lopez,M,2026-02-14,245.83,Amatitlan,Retail
502031,Sofia  Ruiz,M,2026-02-05,12.44,Antigua,Services
501208,Juan Diaz,M,2026-01-12,126.96,Mixco,Food
500822,Isabel Mejia,F,2026-01-23,102.84,Mixco,Services
502369,Oscar Fuentes,M,2026-02-03,58.42,Guatemala,Education
502911,Rene Herrera,M,2026-02-22,65.27,Villa Nueva,Retail
502449,Daniel  Mejia,F,2026-02-21,251.8,Escuintla,Food
502973,Paola Lima,M,2026-02-27,387.96,Villa Nueva,Retail
501189,Karla Reyes,F,2026-02-27,23.07,Quetzaltenango,Services
502987,Miguel Alvarez,M,2026-02-12,265.49,Quetzaltenango,Food
503335,Sofia Aguilar,F,2026-01-26,428.32,Quetzaltenango,Retail
500809,Monica Mazariegos,M,2026-03-01,36.11,Chimaltenango,Education
504842,Gabriela  Cruz,F,2026-01-09,251.8,Mixco,Food
503473,Daniel Fuentes,M,2026-03-01,317.79,Villa Nueva,Education
500629,Daniel Mejia,M,2026-01-02,267.85,Antigua,Education
502252,Hector Flores,F,2026-01-09,317.39,Escuintla,Retail
504274,Laura Lopez,F,2026-02-15,89.83,Mixco,Retail
504624,Elena Ruiz,M,2026-01-07,21.28,Antigua,Services
500647,Ana Ramirez,M,2026-01-03,251.8,Villa Nueva,Retail
504749,Diana  Ramirez,M,2026-01-24,35.45,Escuintla,Food
500738,Pedro Castillo,M,2026-02-18,251.8,Amatitlan,Retail
502248,Monica Reyes,M,2026-01-09,492.13,Amatitlan,Services
503838,Luis Perez,M,2026-01-12,244.83,Amatitlan,Services
503601,Gabriela Nunez,M,2026-01-09,335.78,Mixco,Retail
502778,Hector Lopez,F,2026-02-21,254.95,Guatemala,Services
502303,Karla Fuentes,M,2026-01-27,56.29,Amatitlan,Retail
504812,Carmen  Diaz,M,2026-02-08,251.8,Villa Nueva,Retail
503949,Monica Hernandez,M,2026-02-16,14.4,Escuintla,Food
500601,Pedro  Vargas,F,2026-02-04,154.48,Desconocida,Retail
504276,Kevin Hernandez,M,2026-03-01,182.13,Quetzaltenango,Food
502834,Diana Ramirez,M,2026-01-08,302.19,Guatemala,Services
500995,Paola Mendez,F,2026-02-28,495.66,Quetzaltenango,Education
500598,Maria Lopez,M,2026-01-24,424.56,Chimaltenango,Retail
501341,Laura Flores,F,2026-01-17,368.52,Quetzaltenango,Food
500335,Rene Gomez,M,2026-01-19,177.96,Quetzaltenango,Retail
502034,Isabel Ruiz,F,2026-01-25,445.95,Chimaltenango,Education
504226,Ricardo Ruiz,M,2026-01-25,391.06,Antigua,Food
502582,Pedro Dominguez,F,2026-01-29,428.51,Guatemala,Services
501659,Karla Dominguez,F,2026-01-28,468.76,Escuintla,Education
501782,Oscar Gomez,F,2026-02-15,469.79,Chimaltenango,Food
501018,Maria  Morales,F,2026-02-24,251.8,Villa Nueva,Education
503894,Andrea Perez,F,2026-02-25,410.33,Villa Nueva,Services
504573,Jose Lima,F,2026-01-18,329.09,Mixco,Services
502994,Fernando Flores,M,2026-02-11,487.23,Villa Nueva,Education
500084,Isabel Alvarez,M,2026-01-13,59.46,Villa Nueva,Food
503320,Hector Cruz,M,2026-02-14,251.8,Amatitlan,Education
504716,Diana Aguilar,F,2026-02-27,318.45,Mixco,Retail
501953,Jose Castillo,M,2026-01-29,200.84,Mixco,Retail
503496,Juan  Paz,M,2026-01-11,356.56,Quetzaltenango,Retail
502559,Gabriela Alvarez,F,2026-01-15,406.4,Antigua,Education
503199,Gustavo  Mazariegos,M,2026-02-02,291.06,Mixco,Food
503300,Fernando Gomez,M,2026-02-23,424.53,Guatemala,Food
502330,Pablo  Gomez,M,2026-01-05,69.1,Mixco,Food
504308,Gabriela Perez,M,2026-02-24,463.61,Villa Nueva,Services
500305,Luis Ruiz,M,2026-01-18,236.12,Antigua,Education
500424,Juan Perez,F,2026-01-09,249.57,Mixco,Food
504249,Daniel  Reyes,M,2026-02-11,457.06,Quetzaltenango,Retail
502069,Karla Nunez,F,2026-02-13,175.35,Desconocida,Services
504084,Andrea Lima,F,2026-01-14,175.31,Escuintla,Services
502768,Isabel  Torres,F,2026-01-05,131.4,Villa Nueva,Retail
500391,Andrea Torres,F,2026-02-08,27.14,Mixco,Retail
501077,Luis Castillo,F,2026-01-11,41.42,Guatemala,Education
501393,Hector Lopez,F,2026-01-03,172.71,Villa Nueva,Retail
500013,Daniel  Molina,M,2026-02-02,5.68,Antigua,Food
501575,Paola Lopez,M,2026-02-18,323.37,Villa Nueva,Retail
500866,Karla Gomez,M,2026-01-20,75.42,Escuintla,Services
501442,Pedro Flores,F,2026-01-14,78.29,Chimaltenango,Education
503924,Gustavo Alvarez,M,2026-01-08,478.68,Chimaltenango,Education
501852,Ana Torres,F,2026-01-24,315.91,Antigua,Retail
504251,Ana Rojas,F,2026-02-01,378.62,Villa Nueva,Food
504389,Luis Soto,F,2026-01-11,487.69,Antigua,Education
502389,Gustavo Alvarez,F,2026-02-20,181.54,Antigua,Food
503213,Pedro Paz,M,2026-02-16,279.14,Desconocida,Retail
503001,Andrea Ramirez,F,2026-01-18,388.49,Quetzaltenango,Education
501377,Pablo Alvarez,F,2026-02-17,425.39,Mixco,Food
504350,Gustavo Soto,F,2026-02-23,419.46,Villa Nueva,Education
501378,Miguel Paz,F,2026-01-28,99.58,Villa Nueva,Food
501751,Monica Paz,F,2026-02-05,276.18,Antigua,Education
501644,Valeria Castillo,M,2026-01-07,251.8,Guatemala,Retail
500765,Gabriela Gomez,M,2026-01-15,494.9,Villa Nueva,Services
500998,Andrea Reyes,M,2026-02-10,213.58,Escuintla,Education
503971,Carlos  Diaz,M,2026-02-28,140.8,Amatitlan,Services
501427,Pedro Fuentes,M,2026-02-19,68.41,Desconocida,Services
503835,Pedro  Mazariegos,M,2026-02-24,173.81,Mixco,Retail
503221,Luis  Alvarez,F,2026-02-19,379.17,Mixco,Services
501694,Karla Ortega,F,2026-02-13,3.77,Amatitlan,Food
500356,Paola Ruiz,M,2026-02-15,444.72,Villa Nueva,Services
500103,Diana Aguilar,M,2026-02-19,87.29,Mixco,Retail
500751,Juan Soto,F,2026-02-26,82.23,Amatitlan,Services
503257,Valeria Mejia,F,2026-02-07,285.46,Chimaltenango,Education
503837,Sofia Vargas,F,2026-01-27,53.4,Antigua,Services
503281,Ana Herrera,M,2026-01-06,188.47,Escuintla,Education
503039,Carlos Mejia,F,2026-02-19,251.8,Desconocida,Education
500036,Gustavo Molina,F,2026-01-31,124.74,Antigua,Services
503317,Diana Nunez,M,2026-02-16,362.92,Antigua,Services
503404,Maria Lopez,M,2026-03-01,327.12,Antigua,Food
500016,Monica Diaz,F,2026-01-08,470.51,Mixco,Education
503076,Gabriela Paz,F,2026-02-12,251.8,Guatemala,Food
502419,Patricia Lopez,M,2026-01-14,445.56,Villa Nueva,Food
502957,Gabriela  Fuentes,M,2026-02-02,120.91,Escuintla,Education
501988,Gustavo Perez,M,2026-02-20,432.0,Quetzaltenango,Retail
503249,Jose Paz,F,2026-01-18,104.65,Mixco,Education
500525,Ricardo Torres,M,2026-01-28,33.97,Chimaltenango,Services
501483,Monica Molina,F,2026-02-19,60.69,Chimaltenango,Food
500700,Karla Dominguez,M,2026-01-12,214.28,Quetzaltenango,Education
501956,Valeria Vargas,F,2026-02-01,64.12,Chimaltenango,Services
502328,Hector Ramirez,M,2026-02-18,405.33,Amatitlan,Services
504146,Monica Castillo,F,2026-01-24,471.05,Chimaltenango,Retail
500658,Valeria Reyes,F,2026-02-04,251.58,Desconocida,Services
500019,Juan Diaz,M,2026-02-28,275.85,Villa Nueva,Education
502818,Carlos Ortega,F,2026-02-13,157.52,Guatemala,Retail
500012,Carlos Morales,M,2026-02-25,251.8,Chimaltenango,Retail
504588,Gustavo Ruiz,F,2026-01-18,245.04,Antigua,Retail
504840,Carmen Molina,F,2026-01-08,107.7,Desconocida,Retail
501633,Ricardo Ramirez,M,2026-02-03,251.8,Escuintla,Food
501121,Maria Lima,F,2026-01-07,82.68,Amatitlan,Retail
501987,Hector Alvarez,M,2026-01-27,286.48,Chimaltenango,Food
501871,Laura Aguilar,M,2026-03-01,251.8,Guatemala,Services
503783,Andrea Castillo,F,2026-02-05,396.47,Mixco,Education
503579,Sofia Alvarez,F,2026-02-10,190.23,Quetzaltenango,Education
501416,Maria Nunez,M,2026-02-24,63.06,Amatitlan,Food
504294,Karla Herrera,F,2026-01-24,81.62,Villa Nueva,Services
501992,Laura Rojas,F,2026-01-01,183.7,Quetzaltenango,Education
500029,Gustavo  Perez,M,2026-02-21,58.92,Antigua,Food
504853,Sofia  Cruz,F,2026-02-19,251.8,Escuintla,Services
503159,Patricia Cruz,F,2026-01-26,43.58,Villa Nueva,Retail
503964,Patricia Soto,F,2026-02-14,86.96,Guatemala,Services
501267,Juan Hernandez,F,2026-01-20,251.8,Mixco,Food
502962,Valeria  Morales,F,2026-02-19,431.56,Escuintla,Food
503856,Kevin  Herrera,F,2026-02-26,196.04,Amatitlan,Education
501495,Rene Soto,F,2026-01-06,493.16,Antigua,Education
501358,Andrea Lima,F,2026-01-19,182.98,Guatemala,Services
502184,Gabriela Lopez,F,2026-01-03,251.8,Quetzaltenango,Education
502494,Carlos Alvarez,M,2026-01-18,273.7,Chimaltenango,Services
504748,Laura Fuentes,M,2026-02-06,184.22,Quetzaltenango,Food
503858,Andrea Torres,M,2026-01-15,129.02,Villa Nueva,Services
501937,Maria Hernandez,M,2026-01-15,50.33,Antigua,Services
501963,Hector Gomez,M,2026-02-26,98.65,Amatitlan,Services
503316,Carmen  Rojas,M,2026-01-25,292.16,Amatitlan,Services
504810,Valeria Paz,M,2026-01-03,68.99,Amatitlan,Education
504533,Gabriela Mendez,M,2026-02-03,194.12,Mixco,Education
502153,Pedro Soto,M,2026-02-12,306.66,Escuintla,Services
504770,Kevin Herrera,M,2026-01-06,235.65,Escuintla,Education
503940,Karla Lopez,F,2026-01-27,444.2,Desconocida,Retail
504670,Carmen  Cruz,F,2026-01-14,247.47,Escuintla,Retail
502030,Elena Morales,F,2026-02-11,411.98,Quetzaltenango,Retail
501523,Sofia Torres,M,2026-01-09,22.59,Villa Nueva,Education
502882,Sofia Ortega,M,2026-02-26,65.44,Guatemala,Education
503929,Hector Molina,M,2026-01-07,104.15,Villa Nueva,Education
504392,Juan Alvarez,F,2026-02-18,88.11,Mixco,Education
501901,Jose Mazariegos,M,2026-01-30,272.87,Villa Nueva,Education
500769,Fernando Dominguez,F,2026-02-02,497.65,Guatemala,Services
503515,Hector Solis,F,2026-01-11,57.67,Escuintla,Education
504869,Pablo Torres,M,2026-02-27,142.33,Escuintla,Education
504746,Miguel Aguilar,F,2026-02-04,316.91,Amatitlan,Education
502212,Patricia Aguilar,F,2026-01-29,94.28,Desconocida,Retail
501335,Paola  Dominguez,M,2026-02-27,203.22,Amatitlan,Food
501473,Gabriela Molina,M,2026-02-11,47.89,Villa Nueva,Education
501606,Ana Cruz,F,2026-01-14,377.82,Villa Nueva,Services
501735,Karla Nunez,M,2026-01-19,251.8,Mixco,Services
500022,Elena Lopez,F,2026-01-23,6.33,Escuintla,Food
500201,Pablo Lopez,F,2026-01-11,280.25,Villa Nueva,Retail
502144,Paola Paz,M,2026-02-26,83.27,Mixco,Services
500897,Daniel Vargas,F,2026-02-13,161.83,Desconocida,Food
503626,Sofia Ramirez,F,2026-01-09,113.83,Guatemala,Retail
504207,Valeria Hernandez,M,2026-02-01,251.8,Amatitlan,Retail
504799,Karla Ortega,M,2026-01-24,326.67,Villa Nueva,Retail
501620,Carlos Solis,F,2026-02-05,394.92,Villa Nueva,Retail
500164,Luis Ramirez,M,2026-02-28,152.52,Antigua,Education
503263,Gabriela Ortega,F,2026-02-08,77.04,Villa Nueva,Services
501248,Ana Mejia,M,2026-01-22,44.63,Amatitlan,Education
502289,Sofia Dominguez,F,2026-02-10,179.29,Guatemala,Education
503434,Elena Reyes,F,2026-02-24,465.12,Amatitlan,Services
503993,Ana Lopez,F,2026-01-13,101.28,Amatitlan,Food
501947,Valeria Castillo,M,2026-02-06,385.55,Villa Nueva,Services
502812,Luis Castillo,M,2026-01-13,497.42,Chimaltenango,Food
501834,Laura Mejia,M,2026-02-09,129.29,Escuintla,Retail
503361,Maria Gomez,M,2026-01-13,75.17,Chimaltenango,Services
503791,Juan Soto,M,2026-02-27,259.66,Chimaltenango,Education
502463,Pablo  Nunez,M,2026-02-13,135.04,Quetzaltenango,Food
502133,Luis  Torres,F,2026-02-15,328.25,Villa Nueva,Retail
504666,Luis Fuentes,M,2026-02-12,301.57,Villa Nueva,Retail
500745,Hector Ramirez,M,2026-02-09,251.8,Amatitlan,Retail
503153,Daniel Paz,M,2026-02-18,126.52,Escuintla,Retail
502331,Rene Mazariegos,M,2026-02-01,251.8,Quetzaltenango,Retail
501837,Luis Ramirez,M,2026-02-01,250.65,Amatitlan,Food
504178,Gabriela  Gomez,F,2026-01-14,357.68,Mixco,Retail
503111,Andrea Castillo,M,2026-01-28,151.85,Amatitlan,Education
501207,Elena Castillo,F,2026-02-26,477.14,Amatitlan,Food
502156,Luis Ortega,F,2026-02-22,412.48,Escuintla,Education
502151,Karla Morales,M,2026-02-06,398.48,Antigua,Services
503502,Carmen Soto,F,2026-01-29,102.9,Antigua,Services
500371,Pedro Ruiz,F,2026-01-09,110.24,Amatitlan,Retail
503535,Ana Molina,M,2026-02-19,119.08,Villa Nueva,Services
502955,Isabel Rojas,F,2026-02-10,58.38,Antigua,Food
500493,Kevin Herrera,M,2026-02-09,174.73,Chimaltenango,Education
501162,Diana Vargas,F,2026-02-08,372.31,Amatitlan,Food
500152,Ana Nunez,M,2026-02-13,211.96,Antigua,Services
503674,Fernando Vargas,M,2026-02-16,103.66,Guatemala,Food
500357,Andrea  Aguilar,F,2026-01-06,251.8,Mixco,Services
501296,Juan Mendez,M,2026-02-13,251.8,Chimaltenango,Food
502533,Hector Vargas,F,2026-02-27,13.34,Desconocida,Retail
501974,Isabel Soto,M,2026-02-20,251.8,Villa Nueva,Services
500145,Monica Alvarez,M,2026-02-10,305.75,Amatitlan,Retail
502443,Isabel Reyes,M,2026-02-14,347.84,Escuintla,Education
502337,Gustavo Aguilar,F,2026-02-06,126.52,Guatemala,Food
503704,Gustavo Fuentes,M,2026-01-29,138.27,Villa Nueva,Services
500874,Daniel Aguilar,M,2026-01-28,441.25,Villa Nueva,Services
501324,Isabel Aguilar,M,2026-02-02,93.94,Antigua,Retail
504283,Ricardo Cruz,M,2026-02-18,344.8,Amatitlan,Food
500027,Elena Diaz,F,2026-03-01,43.26,Antigua,Education
500433,Monica Aguilar,F,2026-02-26,59.37,Antigua,Services
504481,Pedro Fuentes,M,2026-02-02,311.53,Chimaltenango,Food
504460,Ana  Molina,F,2026-02-03,135.99,Quetzaltenango,Retail
502678,Carmen Reyes,F,2026-02-28,251.8,Chimaltenango,Retail
504354,Elena Diaz,F,2026-02-28,21.42,Escuintla,Food
501457,Oscar Lima,F,2026-01-04,198.53,Quetzaltenango,Food
503527,Juan Castillo,F,2026-02-19,324.64,Guatemala,Retail
500137,Pablo  Mendez,F,2026-02-22,100.55,Villa Nueva,Services
504636,Ricardo Fuentes,M,2026-02-01,271.65,Chimaltenango,Food
502481,Gabriela Reyes,F,2026-02-11,91.22,Villa Nueva,Education
502012,Karla Diaz,F,2026-02-19,388.17,Escuintla,Food
502615,Patricia Fuentes,F,2026-02-23,251.8,Amatitlan,Retail
501777,Oscar Perez,F,2026-02-28,257.85,Mixco,Education
500262,Sofia Mejia,F,2026-02-24,99.92,Amatitlan,Food
502549,Ana  Soto,F,2026-01-06,6.51,Chimaltenango,Services
500128,Rene Herrera,F,2026-01-08,112.15,Quetzaltenango,Education
504127,Monica Molina,M,2026-01-05,84.37,Antigua,Education
502899,Luis Solis,M,2026-01-24,207.66,Guatemala,Education
500395,Paola Rojas,F,2026-01-26,376.14,Guatemala,Retail
504655,Elena Flores,F,2026-02-23,485.47,Antigua,Retail
503590,Patricia Lopez,F,2026-01-12,63.4,Antigua,Services
503514,Diana Soto,M,2026-01-08,404.84,Escuintla,Services
504348,Valeria Flores,F,2026-01-17,14.46,Guatemala,Services
500515,Oscar Castillo,M,2026-01-19,325.01,Quetzaltenango,Food
501586,Carmen Aguilar,M,2026-01-08,467.46,Quetzaltenango,Food
500241,Daniel Mazariegos,M,2026-01-01,240.19,Villa Nueva,Education
502341,Hector  Ramirez,F,2026-01-13,341.12,Antigua,Services
503384,Sofia Flores,F,2026-01-21,321.59,Mixco,Education
500722,Andrea Ruiz,F,2026-02-10,196.74,Guatemala,Retail
500726,Pedro  Lopez,M,2026-01-18,478.75,Antigua,Food
502802,Carmen Reyes,F,2026-02-17,320.77,Chimaltenango,Retail
502150,Laura Aguilar,F,2026-01-04,276.41,Amatitlan,Retail
501022,Elena Soto,M,2026-02-28,383.7,Chimaltenango,Services
500178,Jose Reyes,M,2026-01-05,477.94,Escuintla,Food
500510,Juan Gomez,M,2026-02-14,125.87,Mixco,Services
504779,Oscar Perez,M,2026-01-03,234.06,Chimaltenango,Food
501397,Maria Castillo,F,2026-01-30,45.6,Escuintla,Retail
502473,Isabel Lima,M,2026-02-28,149.86,Quetzaltenango,Retail
500217,Elena Ortega,F,2026-02-02,168.45,Villa Nueva,Services
501199,Andrea Reyes,F,2026-01-29,119.86,Quetzaltenango,Retail
500101,Luis Hernandez,F,2026-01-06,38.76,Antigua,Education
503013,Juan Castillo,F,2026-02-24,251.8,Villa Nueva,Food
500652,Rene Diaz,F,2026-02-23,307.69,Desconocida,Retail
503240,Carmen Ortega,M,2026-02-27,478.92,Guatemala,Retail
502109,Carlos Ramirez,F,2026-02-18,93.22,Villa Nueva,Food
504771,Sofia Alvarez,F,2026-01-10,459.48,Antigua,Food
504888,Maria Rojas,M,2026-02-04,228.73,Amatitlan,Retail
501803,Diana Lima,F,2026-01-06,141.37,Villa Nueva,Education
501671,Patricia Paz,M,2026-02-26,423.84,Amatitlan,Services
500412,Pedro Molina,F,2026-02-21,53.46,Amatitlan,Education
500059,Rene Alvarez,F,2026-02-28,442.52,Guatemala,Services
501979,Elena Rojas,F,2026-01-11,364.8,Villa Nueva,Food
504258,Pablo  Torres,F,2026-01-21,399.32,Chimaltenango,Services
503552,Pedro  Perez,M,2026-01-21,428.36,Antigua,Retail
504016,Juan Diaz,F,2026-02-01,103.99,Antigua,Retail
504176,Paola Lima,M,2026-01-03,495.34,Escuintla,Retail
502273,Patricia Reyes,M,2026-02-21,40.16,Mixco,Services
501056,Karla  Reyes,M,2026-02-22,251.8,Mixco,Retail
501475,Ricardo Lopez,F,2026-01-28,190.3,Guatemala,Education
501637,Oscar Mendez,M,2026-01-22,174.63,Mixco,Retail
501573,Pedro Mazariegos,M,2026-01-23,115.05,Amatitlan,Education
503338,Maria Soto,F,2026-02-03,432.59,Quetzaltenango,Food
502546,Miguel Alvarez,M,2026-01-12,432.32,Guatemala,Food
500049,Laura  Soto,F,2026-03-01,272.32,Guatemala,Food
501565,Gustavo Hernandez,F,2026-02-17,420.44,Antigua,Retail
504296,Patricia Mazariegos,F,2026-02-26,31.37,Chimaltenango,Services
503636,Carmen Alvarez,M,2026-01-18,17.16,Amatitlan,Food
502572,Luis Ruiz,M,2026-01-11,67.59,Amatitlan,Retail
503114,Laura Nunez,F,2026-01-28,256.5,Villa Nueva,Services
501691,Rene Herrera,F,2026-01-27,315.27,Villa Nueva,Education
503598,Carmen Mazariegos,F,2026-01-26,336.9,Desconocida,Education
503747,Juan Fuentes,F,2026-01-18,432.33,Villa Nueva,Education
500250,Patricia Diaz,F,2026-01-20,169.39,Escuintla,Retail
504728,Ana Molina,F,2026-01-23,428.15,Quetzaltenango,Retail
503794,Isabel Cruz,M,2026-01-09,163.71,Guatemala,Retail
502828,Rene Hernandez,F,2026-01-30,251.8,Villa Nueva,Services
504109,Gabriela Herrera,F,2026-01-07,445.15,Escuintla,Education
503976,Pedro Lopez,M,2026-01-11,250.14,Quetzaltenango,Retail
503456,Ana  Alvarez,M,2026-02-28,227.57,Escuintla,Education
504370,Carlos Ruiz,M,2026-01-02,460.06,Quetzaltenango,Food
503274,Carlos Fuentes,M,2026-01-29,168.87,Mixco,Education
504722,Ricardo Morales,F,2026-02-27,8.69,Amatitlan,Services
501624,Monica Lopez,M,2026-02-11,328.98,Amatitlan,Food
500945,Karla  Torres,M,2026-02-14,346.04,Amatitlan,Food
504672,Carmen Fuentes,F,2026-02-27,483.09,Quetzaltenango,Education
504756,Luis Fuentes,M,2026-02-27,39.01,Amatitlan,Services
501170,Pedro Flores,F,2026-01-04,118.92,Mixco,Education
502335,Maria Lima,F,2026-01-19,251.96,Mixco,Services
502597,Oscar Perez,M,2026-01-23,392.65,Quetzaltenango,Retail
502283,Carmen Ramirez,F,2026-02-26,487.31,Quetzaltenango,Services
503869,Isabel Castillo,M,2026-01-09,29.74,Amatitlan,Education
501233,Pablo Herrera,M,2026-02-04,129.49,Amatitlan,Food
504634,Laura Mendez,M,2026-01-08,114.37,Guatemala,Food
502027,Fernando Ortega,M,2026-02-18,484.25,Mixco,Services
501823,Patricia Ramirez,F,2026-02-15,133.85,Quetzaltenango,Retail
503072,Juan Molina,M,2026-02-04,261.19,Amatitlan,Food
501770,Maria Soto,M,2026-01-09,89.98,Escuintla,Retail
503611,Laura  Solis,F,2026-01-14,398.27,Antigua,Retail
503847,Isabel Mazariegos,M,2026-02-16,97.17,Escuintla,Education
503134,Ana Nunez,F,2026-01-26,217.46,Mixco,Food
501649,Maria Gomez,M,2026-02-07,100.72,Quetzaltenango,Services
503973,Gustavo Ruiz,F,2026-01-29,219.89,Quetzaltenango,Education
501444,Carlos Lopez,F,2026-01-23,275.86,Mixco,Education
504373,Pedro Ortega,F,2026-02-17,485.79,Amatitlan,Retail
501441,Luis Molina,F,2026-01-01,198.73,Guatemala,Food
504406,Isabel Nunez,F,2026-01-31,146.17,Escuintla,Food
502036,Luis Cruz,M,2026-01-16,298.15,Guatemala,Retail
501818,Miguel Aguilar,M,2026-02-15,194.23,Escuintla,Education
504450,Oscar Diaz,M,2026-02-06,106.47,Mixco,Food
500931,Gabriela Aguilar,M,2026-01-03,263.64,Quetzaltenango,Retail
503486,Luis Morales,F,2026-02-25,331.18,Escuintla,Food
500456,Gustavo Flores,M,2026-01-18,82.04,Mixco,Retail
504649,Carmen Castillo,M,2026-01-03,265.79,Guatemala,Food
504474,Ricardo Fuentes,M,2026-02-12,343.21,Antigua,Services
501235,Fernando Herrera,M,2026-01-28,128.57,Amatitlan,Food
504278,Rene Nunez,M,2026-02-04,91.21,Guatemala,Services
504511,Miguel Torres,M,2026-01-11,371.6,Mixco,Retail
500965,Isabel Aguilar,F,2026-01-31,407.28,Quetzaltenango,Food
501124,Carlos Paz,F,2026-03-01,367.63,Antigua,Retail
500846,Miguel Diaz,F,2026-01-10,277.55,Chimaltenango,Services
501680,Kevin Solis,M,2026-02-02,264.39,Antigua,Services
502527,Hector Morales,F,2026-02-20,251.8,Chimaltenango,Food
500830,Paola Mejia,M,2026-01-06,50.04,Antigua,Food
504138,Sofia Vargas,M,2026-01-08,15.64,Quetzaltenango,Education
503224,Elena Lima,F,2026-01-25,61.02,Chimaltenango,Retail
500129,Elena Reyes,F,2026-02-08,115.06,Amatitlan,Education
500247,Hector Cruz,F,2026-01-16,200.01,Villa Nueva,Education
502268,Sofia Ortega,M,2026-01-28,191.67,Quetzaltenango,Food
501497,Pedro Herrera,F,2026-01-04,381.48,Quetzaltenango,Education
503941,Fernando Herrera,F,2026-02-04,97.19,Antigua,Retail
502698,Diana Vargas,F,2026-02-18,29.65,Chimaltenango,Food
502003,Sofia Torres,M,2026-01-18,430.1,Quetzaltenango,Services
502788,Fernando Ortega,F,2026-02-12,251.8,Quetzaltenango,Services
504644,Monica Mazariegos,F,2026-01-28,56.27,Guatemala,Retail
501068,Gustavo Morales,M,2026-02-28,493.32,Guatemala,Food
502616,Diana Ruiz,F,2026-02-09,331.39,Amatitlan,Retail
503107,Monica Diaz,M,2026-02-05,136.88,Guatemala,Food
502517,Gabriela Mejia,M,2026-02-16,337.27,Antigua,Services
500454,Pablo Ruiz,F,2026-02-02,446.51,Desconocida,Retail
502318,Valeria Fuentes,M,2026-03-01,398.25,Guatemala,Retail
502275,Gustavo Herrera,F,2026-02-05,108.73,Guatemala,Retail
502687,Elena Ortega,F,2026-01-27,190.98,Chimaltenango,Food
504643,Patricia  Fuentes,M,2026-02-03,91.36,Antigua,Food
502492,Juan  Castillo,F,2026-02-08,497.13,Quetzaltenango,Food
501977,Isabel Dominguez,M,2026-02-14,131.7,Mixco,Food
502203,Gabriela Lima,F,2026-02-13,225.0,Amatitlan,Retail
501739,Paola Fuentes,F,2026-02-25,465.78,Mixco,Retail
500565,Diana Lima,M,2026-02-12,22.31,Amatitlan,Food
500441,Pedro  Torres,M,2026-02-13,324.73,Quetzaltenango,Services
500990,Valeria Ortega,F,2026-01-14,147.23,Antigua,Food
503714,Carmen Castillo,F,2026-02-10,420.55,Escuintla,Education
500824,Isabel Ramirez,F,2026-02-25,403.18,Villa Nueva,Food
500326,Miguel Herrera,F,2026-01-25,327.16,Escuintla,Food
500746,Maria  Diaz,M,2026-01-19,153.35,Guatemala,Retail
503175,Rene Nunez,M,2026-01-31,371.57,Antigua,Food
501085,Gabriela Fuentes,M,2026-02-13,314.56,Quetzaltenango,Education
500671,Fernando Gomez,M,2026-01-23,31.71,Mixco,Education
503082,Jose Herrera,F,2026-01-01,150.35,Mixco,Retail
503518,Patricia Ramirez,M,2026-02-24,14.52,Guatemala,Retail
503286,Hector Diaz,M,2026-01-11,174.31,Villa Nueva,Services
500483,Elena Fuentes,M,2026-01-15,236.77,Chimaltenango,Retail
503363,Gustavo Nunez,F,2026-01-04,100.68,Villa Nueva,Education
504501,Daniel  Fuentes,M,2026-01-28,251.8,Amatitlan,Services
504881,Gabriela Mendez,F,2026-02-08,44.39,Guatemala,Services
500602,Karla Flores,F,2026-01-03,171.23,Guatemala,Services
504861,Carlos Aguilar,F,2026-02-17,284.06,Quetzaltenango,Food
502588,Pedro Morales,M,2026-01-25,19.74,Chimaltenango,Retail
500914,Hector Lopez,F,2026-01-29,239.17,Amatitlan,Retail
503051,Pedro  Flores,M,2026-02-27,278.36,Amatitlan,Retail
502375,Miguel Lopez,F,2026-01-25,475.22,Escuintla,Services
501870,Paola Reyes,F,2026-01-21,251.8,Chimaltenango,Retail
504625,Elena Herrera,F,2026-02-22,36.9,Escuintla,Services
504116,Pedro Molina,F,2026-02-02,140.48,Quetzaltenango,Services
500681,Karla  Ruiz,M,2026-01-20,498.39,Desconocida,Food
500780,Juan Fuentes,F,2026-02-06,203.46,Desconocida,Education
501531,Jose Molina,F,2026-02-25,275.29,Antigua,Food
503129,Ana Rojas,F,2026-02-08,366.54,Amatitlan,Food
504690,Isabel Flores,F,2026-01-14,119.28,Guatemala,Food
504103,Valeria Gomez,F,2026-01-19,288.5,Antigua,Services
500405,Isabel Soto,F,2026-02-14,160.36,Villa Nueva,Food
504470,Karla  Dominguez,M,2026-02-08,138.47,Chimaltenango,Retail
503348,Ana Dominguez,F,2026-01-17,18.23,Guatemala,Retail
501168,Ana Reyes,M,2026-01-05,312.64,Chimaltenango,Education
503871,Juan Solis,F,2026-02-27,398.06,Amatitlan,Services
502457,Andrea Lima,F,2026-02-02,177.16,Mixco,Education
501316,Ricardo Vargas,M,2026-02-12,465.05,Escuintla,Education
502014,Valeria Ramirez,F,2026-01-15,325.82,Desconocida,Retail
503310,Monica Vargas,F,2026-01-25,475.23,Antigua,Education
504635,Ana Paz,F,2026-01-31,135.52,Amatitlan,Food
500091,Diana Morales,F,2026-02-07,251.8,Chimaltenango,Services
500366,Andrea Mendez,F,2026-01-24,493.45,Chimaltenango,Retail
503077,Daniel Molina,M,2026-02-09,163.82,Chimaltenango,Retail
501326,Ana Lima,F,2026-02-02,411.59,Villa Nueva,Services
504167,Elena Ortega,M,2026-01-09,77.94,Guatemala,Services
504086,Kevin  Mazariegos,M,2026-02-10,190.28,Antigua,Education
501683,Luis Mejia,F,2026-02-17,270.13,Quetzaltenango,Food
504209,Oscar Fuentes,M,2026-02-18,7.28,Amatitlan,Retail
503853,Sofia Reyes,F,2026-01-04,300.53,Villa Nueva,Food
504302,Diana Ramirez,M,2026-02-23,251.8,Antigua,Education
501174,Laura Nunez,M,2026-01-13,17.78,Villa Nueva,Education
500949,Juan Gomez,M,2026-01-30,454.02,Antigua,Education
501472,Carlos Ramirez,F,2026-02-03,299.57,Chimaltenango,Retail
503569,Luis Dominguez,F,2026-01-17,252.64,Escuintla,Education
504001,Sofia Cruz,F,2026-01-24,168.56,Quetzaltenango,Services
501188,Miguel Rojas,M,2026-01-16,251.8,Villa Nueva,Food
500814,Pedro  Aguilar,M,2026-02-12,464.56,Villa Nueva,Education
500310,Juan Soto,F,2026-02-06,261.96,Antigua,Food
502461,Gabriela Vargas,F,2026-02-16,471.92,Chimaltenango,Food
504834,Valeria Ortega,F,2026-01-04,34.23,Mixco,Education
501578,Pedro Reyes,M,2026-01-28,344.12,Quetzaltenango,Services
504626,Carmen Ruiz,M,2026-02-05,182.77,Guatemala,Retail
500480,Hector Rojas,M,2026-01-05,202.88,Guatemala,Retail
500163,Sofia Paz,M,2026-01-25,480.04,Mixco,Food
503080,Carmen Ramirez,M,2026-02-03,370.02,Antigua,Food
503882,Pedro Dominguez,M,2026-02-11,98.43,Villa Nueva,Food
503210,Ricardo Diaz,M,2026-01-05,312.5,Mixco,Retail
502538,Jose Herrera,F,2026-02-04,421.81,Quetzaltenango,Education
504864,Kevin  Diaz,M,2026-03-01,161.66,Escuintla,Services
502380,Rene Paz,F,2026-02-23,302.68,Escuintla,Services
503765,Monica  Soto,F,2026-01-21,251.8,Desconocida,Services
502129,Carmen Soto,F,2026-02-13,348.58,Quetzaltenango,Services
504837,Patricia Aguilar,F,2026-02-28,353.59,Chimaltenango,Food
501676,Daniel Ramirez,M,2026-02-17,251.8,Antigua,Retail
501550,Pedro Mendez,M,2026-02-02,441.79,Guatemala,Retail
504221,Gabriela Aguilar,F,2026-01-29,251.8,Quetzaltenango,Food
503272,Karla Nunez,M,2026-01-05,251.8,Guatemala,Food
500538,Carmen Gomez,M,2026-02-10,476.12,Quetzaltenango,Food
500443,Gustavo Soto,M,2026-01-10,140.03,Antigua,Retail
502343,Ana  Aguilar,F,2026-01-17,295.61,Guatemala,Retail
503494,Diana  Flores,F,2026-01-31,361.19,Escuintla,Retail
501460,Maria Gomez,M,2026-02-02,147.15,Guatemala,Retail
502692,Patricia Hernandez,M,2026-02-13,196.07,Desconocida,Services
500453,Jose Lima,F,2026-02-23,251.8,Amatitlan,Retail
500256,Kevin Solis,M,2026-01-08,461.92,Guatemala,Services
503239,Valeria Herrera,M,2026-02-24,251.8,Desconocida,Services
502132,Pedro Ruiz,F,2026-01-15,50.28,Villa Nueva,Retail
500758,Valeria  Morales,M,2026-01-02,103.69,Quetzaltenango,Education
503284,Fernando Vargas,F,2026-02-10,13.81,Villa Nueva,Retail
503344,Carmen Vargas,M,2026-01-05,423.39,Guatemala,Retail
500727,Pablo Aguilar,M,2026-01-23,234.11,Mixco,Services
503687,Karla Gomez,M,2026-01-22,383.61,Escuintla,Services
502993,Jose Rojas,M,2026-02-04,437.8,Mixco,Education
501224,Gabriela Diaz,M,2026-01-22,429.92,Escuintla,Food
501025,Pedro Hernandez,F,2026-02-24,339.21,Guatemala,Retail
501541,Isabel Alvarez,F,2026-01-09,442.76,Chimaltenango,Education
501783,Luis Dominguez,M,2026-01-04,444.96,Chimaltenango,Retail
504192,Karla  Hernandez,M,2026-01-05,220.31,Amatitlan,Services
504157,Luis Morales,F,2026-01-29,75.14,Amatitlan,Retail
502496,Gabriela Fuentes,M,2026-02-18,63.03,Villa Nueva,Retail
501748,Juan Solis,F,2026-02-28,201.9,Quetzaltenango,Education
504132,Andrea Torres,F,2026-01-18,327.58,Quetzaltenango,Food
500165,Andrea Gomez,F,2026-01-23,486.4,Villa Nueva,Retail
500322,Luis Flores,M,2026-01-18,421.09,Antigua,Education
503491,Andrea Aguilar,F,2026-01-04,36.22,Chimaltenango,Education
503226,Ricardo Alvarez,F,2026-01-24,499.74,Desconocida,Retail
504300,Jose Dominguez,F,2026-02-14,30.21,Amatitlan,Retail
503678,Laura Ramirez,M,2026-02-04,8.6,Guatemala,Education
501481,Gustavo Diaz,M,2026-01-06,1.5,Quetzaltenango,Education
503138,Karla Vargas,M,2026-02-09,251.8,Escuintla,Food
503382,Oscar  Castillo,F,2026-02-13,410.5,Escuintla,Services
501385,Laura Solis,F,2026-02-04,436.91,Antigua,Food
501715,Fernando Vargas,M,2026-02-06,362.76,Antigua,Retail
501877,Patricia Nunez,F,2026-02-21,356.66,Chimaltenango,Education
501044,Andrea Molina,M,2026-02-28,232.9,Guatemala,Retail
504755,Rene  Rojas,M,2026-01-17,377.03,Mixco,Services
502429,Luis Herrera,M,2026-02-11,278.0,Guatemala,Retail
504054,Rene Nunez,M,2026-01-30,297.38,Mixco,Education
502080,Hector  Torres,M,2026-02-26,53.74,Mixco,Food
504678,Monica Fuentes,M,2026-01-08,357.49,Antigua,Retail
500660,Miguel Torres,F,2026-01-01,171.68,Guatemala,Education
503254,Ricardo Hernandez,F,2026-01-05,369.66,Guatemala,Food
503914,Patricia Molina,M,2026-01-20,205.23,Antigua,Retail
504266,Daniel Fuentes,M,2026-02-01,372.07,Chimaltenango,Services
503270,Elena Reyes,M,2026-01-26,290.13,Amatitlan,Education
500490,Sofia Castillo,F,2026-02-06,251.8,Escuintla,Food
501112,Andrea Aguilar,M,2026-02-20,58.08,Chimaltenango,Education
504825,Isabel Lima,M,2026-02-19,276.38,Amatitlan,Education
501043,Rene  Paz,F,2026-02-03,112.1,Desconocida,Services
501779,Laura  Vargas,M,2026-01-02,39.61,Mixco,Education
503102,Sofia Gomez,M,2026-01-10,240.53,Escuintla,Retail
500136,Hector Solis,F,2026-02-05,146.85,Chimaltenango,Services
500476,Ana  Torres,F,2026-01-22,23.58,Antigua,Education
500618,Gustavo Diaz,F,2026-02-09,251.8,Guatemala,Food
504437,Gabriela Castillo,M,2026-02-25,332.41,Antigua,Food
503085,Laura  Herrera,M,2026-01-31,96.32,Amatitlan,Food
503648,Miguel Lopez,M,2026-01-09,267.54,Escuintla,Education
503525,Pedro Diaz,F,2026-01-05,260.82,Antigua,Food
502092,Gabriela Gomez,F,2026-02-18,49.53,Quetzaltenango,Education
503603,Diana Lima,F,2026-02-02,354.81,Escuintla,Education
500377,Andrea Rojas,M,2026-01-07,16.83,Antigua,Food
501696,Juan Paz,F,2026-01-26,251.8,Guatemala,Education
500421,Jose Nunez,M,2026-01-08,255.43,Villa Nueva,Education
502607,Laura Diaz,M,2026-02-07,34.56,Mixco,Education
503861,Fernando Fuentes,M,2026-01-13,248.05,Amatitlan,Retail
504403,Miguel Mendez,M,2026-01-17,251.8,Chimaltenango,Food
503325,Sofia Alvarez,M,2026-02-07,367.29,Chimaltenango,Education
503070,Ricardo Alvarez,M,2026-01-31,251.8,Guatemala,Retail
501163,Isabel Reyes,F,2026-03-01,291.79,Antigua,Food
503545,Diana Gomez,M,2026-01-23,470.69,Quetzaltenango,Food
501420,Jose Aguilar,M,2026-01-27,405.74,Villa Nueva,Retail
504182,Rene Perez,M,2026-02-01,174.38,Mixco,Education
500624,Ana Mendez,M,2026-02-05,56.92,Antigua,Food
503672,Ana Rojas,M,2026-02-22,285.75,Amatitlan,Education
504656,Sofia Aguilar,F,2026-01-06,163.42,Mixco,Education
500688,Carmen Ortega,F,2026-02-14,251.8,Quetzaltenango,Retail
502964,Gustavo Rojas,M,2026-02-09,47.28,Antigua,Food
504439,Maria Torres,M,2026-01-07,203.55,Guatemala,Education
501808,Elena Gomez,F,2026-01-08,381.8,Guatemala,Retail
503264,Luis Castillo,F,2026-02-05,474.04,Desconocida,Education
504595,Rene Lopez,F,2026-02-02,160.4,Villa Nueva,Education
502762,Daniel Mendez,F,2026-02-14,479.18,Antigua,Services
501809,Monica Ramirez,M,2026-02-07,187.4,Desconocida,Services
502402,Diana Cruz,F,2026-02-21,382.09,Antigua,Services
502106,Carmen Perez,F,2026-01-16,112.12,Chimaltenango,Services
502627,Carlos Perez,F,2026-02-12,32.04,Escuintla,Services
503147,Jose Molina,M,2026-01-01,251.8,Mixco,Education
500502,Maria Hernandez,F,2026-01-22,222.42,Quetzaltenango,Services
501431,Patricia Reyes,M,2026-02-23,262.35,Antigua,Services
501251,Valeria Rojas,F,2026-01-04,334.28,Escuintla,Services
500216,Gustavo Castillo,F,2026-01-10,200.1,Amatitlan,Education
503987,Oscar Mejia,M,2026-02-03,70.87,Amatitlan,Education
504759,Pedro Hernandez,F,2026-02-17,263.19,Escuintla,Education
502239,Carlos Cruz,M,2026-02-22,482.75,Mixco,Education
503548,Juan Morales,F,2026-01-25,124.13,Amatitlan,Food
500471,Patricia Ortega,M,2026-02-20,66.86,Escuintla,Education
500797,Andrea Mejia,F,2026-02-21,251.8,Guatemala,Education
504766,Carlos Ruiz,M,2026-01-14,298.29,Villa Nueva,Food
500611,Elena Torres,F,2026-01-17,51.96,Quetzaltenango,Retail
504180,Rene Perez,F,2026-01-24,133.74,Amatitlan,Food
500221,Kevin  Reyes,F,2026-02-27,29.68,Escuintla,Food
503926,Jose Reyes,M,2026-01-07,433.78,Chimaltenango,Food
504298,Andrea Aguilar,M,2026-02-19,421.05,Villa Nueva,Education
500787,Pedro Fuentes,F,2026-01-03,251.8,Villa Nueva,Retail
501520,Monica Morales,F,2026-01-14,491.57,Antigua,Retail
500073,Gustavo Dominguez,M,2026-02-21,179.54,Chimaltenango,Retail
504852,Elena Flores,M,2026-02-16,278.18,Quetzaltenango,Services
504345,Gustavo Morales,F,2026-02-06,416.79,Mixco,Retail
502073,Monica Flores,M,2026-02-21,251.8,Antigua,Retail
503276,Patricia Aguilar,F,2026-01-31,112.27,Villa Nueva,Services
504616,Kevin Gomez,M,2026-02-22,374.7,Mixco,Food
500330,Pedro Torres,F,2026-02-10,114.35,Villa Nueva,Retail
503256,Daniel Alvarez,M,2026-01-15,251.8,Antigua,Food
500065,Rene  Hernandez,F,2026-01-01,395.67,Amatitlan,Services
504164,Elena Dominguez,F,2026-02-13,324.84,Escuintla,Retail
503930,Andrea Dominguez,F,2026-02-16,345.92,Villa Nueva,Services
501516,Carmen Soto,F,2026-01-17,251.8,Antigua,Food
501229,Valeria Reyes,F,2026-01-28,250.99,Quetzaltenango,Retail
501215,Juan  Reyes,F,2026-02-22,437.96,Guatemala,Education
504422,Jose  Ruiz,F,2026-02-16,356.55,Guatemala,Services
504384,Monica  Molina,F,2026-01-21,176.96,Quetzaltenango,Retail
502679,Gabriela Diaz,F,2026-01-13,29.27,Antigua,Retail
500982,Gabriela Cruz,M,2026-02-21,251.8,Quetzaltenango,Education
504805,Sofia  Lopez,F,2026-01-22,414.49,Chimaltenango,Food
504149,Jose Mejia,M,2026-01-28,453.86,Guatemala,Education
502870,Sofia Alvarez,M,2026-01-02,147.62,Guatemala,Services
503975,Laura Ruiz,F,2026-02-20,482.03,Quetzaltenango,Food
501998,Rene Castillo,F,2026-02-24,293.59,Guatemala,Education
504262,Pedro Fuentes,M,2026-02-10,201.19,Mixco,Retail
502965,Laura  Gomez,M,2026-02-04,15.97,Chimaltenango,Education
502313,Monica Mendez,F,2026-01-26,251.8,Quetzaltenango,Retail
501001,Daniel Aguilar,M,2026-01-10,305.74,Escuintla,Food
500906,Hector Ruiz,F,2026-02-08,323.98,Escuintla,Education
502456,Luis Soto,F,2026-01-29,284.75,Guatemala,Retail
504584,Paola Mendez,F,2026-01-02,410.86,Guatemala,Retail
503810,Laura Gomez,F,2026-01-20,498.71,Desconocida,Retail
502291,Gabriela Lima,F,2026-01-07,259.86,Mixco,Services
503770,Ana Perez,M,2026-01-07,52.52,Chimaltenango,Food
502946,Hector Cruz,M,2026-01-13,240.5,Guatemala,Education
503216,Miguel Molina,F,2026-01-25,95.84,Mixco,Services
504343,Carlos  Aguilar,M,2026-01-20,237.46,Mixco,Food
502005,Oscar Hernandez,M,2026-02-16,432.24,Amatitlan,Services
504323,Valeria Paz,M,2026-02-06,22.79,Villa Nueva,Food
501303,Miguel  Dominguez,M,2026-02-23,351.1,Chimaltenango,Retail
503901,Elena Torres,F,2026-02-17,329.08,Antigua,Education
500693,Rene Lima,F,2026-02-15,206.86,Mixco,Retail
503584,Kevin Ramirez,F,2026-01-08,470.87,Quetzaltenango,Education
502653,Oscar  Mejia,M,2026-01-20,144.13,Chimaltenango,Food
500561,Rene Vargas,F,2026-01-16,312.8,Escuintla,Retail
500271,Oscar Nunez,F,2026-01-25,447.23,Amatitlan,Education
500922,Paola Castillo,M,2026-03-01,118.38,Guatemala,Retail
502896,Carmen Rojas,F,2026-01-28,251.8,Escuintla,Food
501596,Diana  Torres,M,2026-01-14,19.57,Villa Nueva,Services
503740,Fernando Perez,M,2026-01-15,495.61,Quetzaltenango,Services
501807,Paola Morales,F,2026-02-01,189.78,Guatemala,Retail
500350,Laura  Castillo,F,2026-02-17,189.38,Desconocida,Retail
500301,Jose  Cruz,M,2026-01-01,442.33,Chimaltenango,Retail
504305,Luis Paz,M,2026-03-01,41.93,Quetzaltenango,Retail
501597,Diana Vargas,F,2026-02-12,251.8,Villa Nueva,Food
503956,Sofia  Molina,M,2026-02-13,323.32,Chimaltenango,Retail
503724,Fernando Hernandez,F,2026-01-12,251.8,Antigua,Education
504534,Karla Herrera,M,2026-02-16,358.32,Amatitlan,Food
502656,Juan Soto,F,2026-01-29,267.75,Amatitlan,Retail
500187,Patricia Alvarez,M,2026-01-18,46.18,Escuintla,Food
500037,Carmen Herrera,M,2026-02-26,342.55,Mixco,Services
501234,Karla  Herrera,M,2026-01-29,383.97,Quetzaltenango,Education
504081,Monica  Nunez,F,2026-02-11,251.8,Amatitlan,Services
503262,Gabriela Aguilar,M,2026-03-01,497.41,Guatemala,Food
501971,Monica Castillo,M,2026-01-08,165.13,Mixco,Retail
500783,Gustavo Ortega,F,2026-02-09,497.8,Chimaltenango,Education
500603,Patricia Paz,F,2026-01-04,229.49,Mixco,Education
500774,Gustavo Nunez,F,2026-01-23,224.87,Villa Nueva,Retail
502587,Daniel Hernandez,F,2026-01-26,200.64,Antigua,Services
504289,Sofia Lopez,M,2026-01-31,262.69,Mixco,Education
502459,Ana Perez,M,2026-02-03,173.15,Villa Nueva,Education
503438,Pablo Lima,F,2026-02-15,251.8,Mixco,Food
502393,Gabriela Mazariegos,F,2026-01-21,183.76,Villa Nueva,Services
501658,Paola Lopez,F,2026-01-06,251.8,Chimaltenango,Services
501508,Daniel Lima,M,2026-01-04,251.8,Desconocida,Food
503322,Carmen Fuentes,M,2026-01-11,303.13,Escuintla,Education
500614,Pedro  Vargas,F,2026-01-27,22.04,Guatemala,Services
503423,Paola Cruz,F,2026-01-10,85.49,Escuintla,Education
501449,Oscar Aguilar,M,2026-01-13,251.8,Escuintla,Education
503366,Rene Rojas,F,2026-02-14,119.38,Quetzaltenango,Services
502574,Oscar  Gomez,F,2026-02-13,367.16,Guatemala,Food
503113,Maria Dominguez,M,2026-01-10,402.07,Escuintla,Education
500847,Maria Mendez,M,2026-01-20,251.8,Guatemala,Food
500545,Ana Ortega,F,2026-01-06,166.74,Amatitlan,Food
500362,Andrea Reyes,F,2026-01-21,89.94,Amatitlan,Retail
504736,Carlos Lopez,F,2026-01-26,251.55,Quetzaltenango,Food
500446,Pedro Lima,M,2026-01-08,474.9,Antigua,Services
500048,Laura Ramirez,F,2026-01-30,297.35,Villa Nueva,Education
503877,Elena Ruiz,M,2026-01-25,0.97,Desconocida,Education
501008,Pedro Alvarez,F,2026-01-18,80.15,Quetzaltenango,Services
501864,Pablo Molina,F,2026-02-18,419.83,Guatemala,Food
502769,Carmen Soto,F,2026-01-11,247.55,Mixco,Retail
500915,Andrea Diaz,F,2026-02-17,197.62,Villa Nueva,Food
504467,Luis Lopez,M,2026-02-13,330.46,Chimaltenango,Retail
504813,Ricardo  Lima,F,2026-02-08,311.11,Guatemala,Food
501850,Miguel Castillo,M,2026-01-08,353.36,Mixco,Retail
500184,Gabriela Cruz,M,2026-02-20,217.83,Guatemala,Education
501766,Jose Mendez,M,2026-02-28,296.45,Guatemala,Food
504763,Gustavo Lima,M,2026-01-27,91.61,Chimaltenango,Education
502703,Karla Hernandez,F,2026-01-20,423.92,Mixco,Services
503702,Gabriela Ruiz,F,2026-01-23,385.68,Chimaltenango,Services
502839,Maria Molina,M,2026-02-18,15.27,Antigua,Retail
501817,Andrea Molina,M,2026-01-24,430.61,Antigua,Retail
501392,Ana Perez,M,2026-01-16,337.09,Antigua,Education
500260,Jose Diaz,F,2026-01-24,220.75,Villa Nueva,Retail
502391,Isabel Solis,F,2026-01-09,323.07,Amatitlan,Services
501348,Oscar Molina,M,2026-02-22,128.96,Quetzaltenango,Education
500044,Elena Ruiz,F,2026-01-13,404.9,Escuintla,Food
503892,Ana Solis,F,2026-01-02,354.76,Amatitlan,Retail
502267,Juan  Nunez,M,2026-01-13,324.45,Antigua,Services
500569,Oscar Mejia,M,2026-02-02,442.24,Antigua,Retail
503010,Paola Gomez,M,2026-02-20,411.94,Guatemala,Services
502278,Paola Gomez,M,2026-02-12,251.8,Antigua,Education
503220,Sofia  Fuentes,M,2026-01-04,192.65,Guatemala,Retail
504309,Oscar Flores,M,2026-01-22,372.82,Desconocida,Food
502127,Andrea Mazariegos,F,2026-02-20,465.88,Escuintla,Retail
503163,Pedro Torres,F,2026-02-04,95.68,Amatitlan,Food
500656,Karla  Reyes,F,2026-01-12,240.38,Guatemala,Education
503490,Gustavo Ruiz,F,2026-02-13,16.93,Guatemala,Food
500729,Hector Castillo,F,2026-01-01,27.23,Guatemala,Retail
502727,Isabel Perez,M,2026-01-08,140.42,Amatitlan,Retail
503685,Ana Fuentes,M,2026-02-22,39.46,Mixco,Education
501939,Karla Solis,M,2026-01-12,233.24,Antigua,Services
504529,Ana  Rojas,F,2026-01-30,439.9,Guatemala,Services
502945,Maria Solis,F,2026-01-21,472.98,Amatitlan,Education
500543,Juan Diaz,M,2026-02-02,148.71,Mixco,Food
501530,Juan Perez,F,2026-02-05,78.22,Villa Nueva,Retail
504174,Luis Fuentes,F,2026-01-27,63.71,Chimaltenango,Retail
500695,Sofia Reyes,F,2026-02-14,311.56,Quetzaltenango,Retail
502959,Daniel Rojas,M,2026-01-20,251.8,Guatemala,Education
503917,Luis Mejia,M,2026-01-22,36.9,Guatemala,Education
500778,Pablo  Lopez,F,2026-02-17,468.69,Chimaltenango,Services
500901,Monica Lopez,M,2026-01-11,185.33,Antigua,Services
503743,Isabel Alvarez,M,2026-01-20,224.22,Mixco,Education
501076,Miguel Reyes,M,2026-02-27,146.12,Mixco,Retail
503782,Laura Hernandez,M,2026-01-22,491.29,Quetzaltenango,Retail
504264,Paola Cruz,M,2026-02-22,40.26,Escuintla,Services
501191,Maria Molina,F,2026-02-08,60.51,Villa Nueva,Services
503312,Daniel Ramirez,F,2026-02-20,424.46,Antigua,Education
500813,Luis Castillo,F,2026-02-12,374.82,Escuintla,Services
500093,Carmen Ramirez,M,2026-02-14,273.22,Amatitlan,Services
504011,Carlos  Ramirez,M,2026-02-23,251.8,Mixco,Retail
500280,Carmen Dominguez,F,2026-02-11,262.86,Guatemala,Retail
502420,Sofia Lopez,M,2026-01-19,251.8,Mixco,Services
502815,Paola Fuentes,F,2026-01-11,127.19,Villa Nueva,Education
500674,Valeria Ramirez,F,2026-02-14,72.17,Guatemala,Services
501086,Rene Hernandez,M,2026-01-29,146.21,Chimaltenango,Education
501047,Kevin Mejia,F,2026-02-21,251.8,Amatitlan,Services
503020,Gabriela Ortega,F,2026-02-28,270.49,Escuintla,Food
504801,Rene Ortega,F,2026-01-06,215.69,Escuintla,Education
502689,Luis Mazariegos,M,2026-02-26,340.78,Quetzaltenango,Services
500111,Luis Reyes,F,2026-01-05,274.75,Mixco,Retail
501775,Rene Aguilar,M,2026-01-26,228.29,Antigua,Food
501940,Hector Fuentes,M,2026-02-18,192.36,Quetzaltenango,Retail
502677,Pablo Morales,M,2026-02-19,174.46,Escuintla,Education
502093,Pablo Hernandez,F,2026-02-27,340.91,Amatitlan,Education
502606,Ricardo Soto,M,2026-02-28,251.8,Guatemala,Food
502382,Gustavo Paz,F,2026-01-15,207.26,Villa Nueva,Education
502531,Luis  Herrera,M,2026-01-26,81.94,Antigua,Services
500531,Isabel Nunez,F,2026-01-09,159.83,Villa Nueva,Food
500171,Miguel Morales,M,2026-02-16,463.33,Desconocida,Services
501903,Juan Ramirez,M,2026-01-15,205.89,Antigua,Retail
501536,Diana Cruz,F,2026-02-17,251.8,Guatemala,Retail
503749,Carmen Ruiz,M,2026-02-19,148.2,Desconocida,Food
502772,Andrea Reyes,F,2026-01-03,336.94,Quetzaltenango,Food
501692,Paola Torres,F,2026-02-17,93.56,Guatemala,Retail
503480,Valeria Fuentes,M,2026-01-13,251.8,Chimaltenango,Food
502821,Hector Diaz,F,2026-02-26,251.8,Mixco,Food
500861,Daniel Diaz,M,2026-02-08,182.73,Villa Nueva,Education
502583,Andrea Paz,F,2026-02-22,73.28,Antigua,Education
501275,Karla Mazariegos,F,2026-01-02,257.59,Escuintla,Services
500376,Miguel Molina,M,2026-02-03,425.21,Antigua,Education
503974,Diana Lima,M,2026-01-02,127.86,Amatitlan,Services
501773,Kevin Mazariegos,F,2026-02-13,242.05,Antigua,Education
501758,Andrea Nunez,F,2026-03-01,259.07,Chimaltenango,Food
504482,Oscar Cruz,F,2026-03-01,383.12,Chimaltenango,Retail
501113,Paola Ramirez,M,2026-01-22,1.2,Desconocida,Food
504133,Gabriela Ortega,M,2026-01-25,369.82,Amatitlan,Education
500661,Patricia Flores,F,2026-01-24,251.8,Mixco,Retail
503186,Rene Soto,M,2026-02-24,54.66,Guatemala,Services
500651,Jose  Solis,M,2026-02-02,162.86,Mixco,Food
502241,Patricia Gomez,M,2026-02-08,251.8,Quetzaltenango,Retail
504007,Paola Ramirez,F,2026-01-22,269.67,Guatemala,Services
504292,Pedro Ruiz,M,2026-01-19,392.26,Guatemala,Services
504793,Kevin Mendez,F,2026-02-24,191.77,Mixco,Services
500534,Karla  Hernandez,M,2026-02-28,349.19,Antigua,Services
504179,Oscar Paz,F,2026-01-22,100.14,Chimaltenango,Retail
502165,Rene Mejia,F,2026-02-28,134.57,Mixco,Education
500124,Andrea Diaz,M,2026-02-20,69.2,Mixco,Services
504171,Ana  Castillo,M,2026-02-23,214.04,Escuintla,Services
504706,Isabel Mejia,M,2026-02-27,464.67,Chimaltenango,Education
501972,Ricardo Perez,F,2026-01-22,399.06,Amatitlan,Food
501959,Luis Dominguez,M,2026-02-21,31.32,Mixco,Services
504473,Isabel Ortega,F,2026-02-28,251.8,Amatitlan,Food
500976,Pedro Mendez,M,2026-01-01,109.49,Antigua,Services
502220,Gabriela Aguilar,F,2026-01-16,140.22,Guatemala,Education
503859,Carlos Herrera,M,2026-01-28,383.54,Amatitlan,Services
500576,Paola Molina,F,2026-01-08,437.33,Escuintla,Education
500186,Sofia  Ruiz,F,2026-02-14,308.78,Villa Nueva,Education
501306,Fernando Ruiz,M,2026-02-06,60.32,Guatemala,Food
503237,Jose Nunez,M,2026-01-09,312.47,Amatitlan,Education
501791,Hector Diaz,F,2026-01-11,251.8,Quetzaltenango,Services
503968,Isabel Flores,M,2026-02-12,132.3,Guatemala,Education
504363,Rene Mejia,F,2026-02-12,177.83,Villa Nueva,Food
502651,Miguel Herrera,M,2026-01-30,457.9,Guatemala,Retail
500844,Gustavo Morales,M,2026-02-07,477.12,Escuintla,Retail
501398,Jose Gomez,M,2026-01-22,253.17,Antigua,Food
502394,Maria  Reyes,M,2026-01-08,457.42,Desconocida,Services
501562,Carlos Perez,M,2026-02-04,160.45,Antigua,Education
503406,Andrea Morales,M,2026-02-18,327.87,Quetzaltenango,Retail
504530,Sofia Torres,M,2026-03-01,167.98,Amatitlan,Services
504599,Andrea Hernandez,M,2026-01-13,203.33,Amatitlan,Retail
504230,Isabel Molina,F,2026-01-29,11.7,Quetzaltenango,Retail
503893,Pedro Mazariegos,M,2026-02-06,251.8,Escuintla,Services
503653,Carmen Torres,M,2026-02-16,422.3,Amatitlan,Retail
503164,Luis Dominguez,F,2026-01-09,251.8,Escuintla,Retail
504788,Valeria Vargas,M,2026-02-06,251.8,Guatemala,Education
500345,Gabriela Vargas,F,2026-01-30,414.99,Desconocida,Education
500805,Miguel Fuentes,F,2026-01-06,332.13,Quetzaltenango,Food
501566,Juan Reyes,F,2026-02-07,359.21,Antigua,Food
504487,Monica Diaz,F,2026-02-18,19.41,Antigua,Education
503711,Gustavo Vargas,M,2026-02-10,454.52,Quetzaltenango,Services
503570,Rene Hernandez,F,2026-02-12,221.16,Escuintla,Services
502825,Rene Cruz,F,2026-01-18,48.81,Quetzaltenango,Education
503595,Gustavo  Paz,F,2026-02-22,219.89,Villa Nueva,Retail
502229,Hector Solis,M,2026-02-02,162.27,Quetzaltenango,Retail
502284,Ricardo Castillo,F,2026-01-26,251.8,Villa Nueva,Retail
502314,Patricia Rojas,F,2026-02-07,194.75,Chimaltenango,Services
500544,Monica  Rojas,M,2026-01-18,296.34,Chimaltenango,Education
503125,Valeria Morales,M,2026-02-20,323.33,Villa Nueva,Services
502612,Patricia Molina,M,2026-01-08,364.03,Quetzaltenango,Education
500023,Juan Reyes,F,2026-01-09,161.83,Guatemala,Education
503275,Monica Diaz,M,2026-01-20,426.22,Mixco,Services
504205,Maria Herrera,M,2026-01-04,242.35,Escuintla,Retail
500043,Luis  Paz,F,2026-01-09,333.28,Antigua,Services
504525,Oscar  Lopez,F,2026-02-27,116.99,Guatemala,Retail
501362,Elena  Nunez,F,2026-01-22,320.43,Escuintla,Education
501026,Carlos  Ramirez,M,2026-01-10,150.26,Villa Nueva,Education
503913,Juan Ruiz,F,2026-02-13,24.33,Antigua,Retail
503428,Paola Dominguez,M,2026-02-23,169.21,Mixco,Retail
501149,Kevin  Fuentes,M,2026-01-24,97.61,Mixco,Retail
502111,Rene Lopez,F,2026-02-28,466.97,Antigua,Education
503933,Laura  Torres,F,2026-01-02,485.24,Chimaltenango,Food
503028,Pedro Alvarez,M,2026-02-06,359.55,Amatitlan,Services
502705,Carlos Paz,F,2026-01-26,147.37,Chimaltenango,Retail
504245,Paola  Aguilar,M,2026-02-27,410.32,Quetzaltenango,Retail
502219,Pedro Lopez,F,2026-02-25,100.41,Antigua,Services
501996,Daniel Dominguez,F,2026-02-28,137.15,Villa Nueva,Food
502266,Carlos Flores,F,2026-02-16,494.22,Amatitlan,Education
502198,Ricardo Dominguez,F,2026-01-17,392.78,Antigua,Food
504195,Miguel Reyes,M,2026-01-07,191.09,Guatemala,Retail
503925,Valeria Diaz,F,2026-02-22,447.57,Desconocida,Food
501004,Pedro Rojas,M,2026-01-29,418.92,Mixco,Food
502881,Isabel Mejia,F,2026-02-07,16.74,Guatemala,Education
500367,Sofia Molina,F,2026-01-12,197.8,Desconocida,Food
503649,Fernando Morales,F,2026-02-06,31.33,Villa Nueva,Services
501511,Maria Cruz,F,2026-01-27,301.51,Amatitlan,Services
504005,Monica Herrera,M,2026-01-10,56.74,Guatemala,Services
501710,Juan  Cruz,F,2026-01-19,314.3,Chimaltenango,Education
500375,Andrea  Lima,F,2026-02-12,183.35,Villa Nueva,Retail
500973,Pedro Ortega,F,2026-01-28,288.55,Desconocida,Food
500229,Carlos Morales,M,2026-01-21,82.15,Antigua,Education
500435,Carmen Perez,F,2026-02-18,251.8,Escuintla,Retail
502940,Carlos Diaz,F,2026-02-07,303.2,Chimaltenango,Retail
502951,Paola Ramirez,F,2026-01-07,281.91,Villa Nueva,Retail
501337,Ana Paz,F,2026-01-03,71.78,Mixco,Education
501677,Sofia Mendez,F,2026-01-09,34.15,Guatemala,Services
503800,Gabriela Dominguez,M,2026-02-28,251.8,Villa Nueva,Services
501292,Ricardo Vargas,M,2026-01-01,137.42,Quetzaltenango,Food
502787,Carlos Solis,F,2026-02-22,141.33,Escuintla,Food
500088,Diana Mazariegos,M,2026-01-29,251.8,Guatemala,Services
504709,Elena Cruz,F,2026-02-22,215.74,Mixco,Education
500248,Rene Paz,F,2026-02-08,262.13,Mixco,Retail
504838,Rene Diaz,F,2026-01-13,197.4,Villa Nueva,Retail
504125,Oscar Castillo,F,2026-02-14,43.98,Escuintla,Services
502507,Maria  Lima,F,2026-01-24,477.75,Escuintla,Education
500672,Diana Cruz,M,2026-02-07,251.8,Antigua,Food
504804,Carmen Lopez,M,2026-02-20,399.03,Guatemala,Food
503124,Pedro Paz,M,2026-02-04,138.19,Villa Nueva,Retail
502161,Laura Ruiz,M,2026-01-07,116.93,Escuintla,Services
502522,Miguel Fuentes,M,2026-02-19,488.35,Quetzaltenango,Education
504394,Juan Aguilar,M,2026-01-01,432.06,Amatitlan,Food
502803,Pedro Flores,F,2026-02-04,258.61,Antigua,Food
502113,Paola Alvarez,M,2026-02-09,235.33,Villa Nueva,Education
500623,Juan Solis,F,2026-03-01,271.38,Antigua,Retail
500984,Luis Flores,M,2026-02-08,54.19,Escuintla,Retail
502049,Juan Castillo,M,2026-01-10,133.06,Amatitlan,Education
502879,Carmen Mazariegos,M,2026-01-21,14.81,Mixco,Retail
504380,Pablo Mazariegos,F,2026-02-18,257.61,Chimaltenango,Retail
500535,Daniel Vargas,F,2026-01-17,197.08,Villa Nueva,Food
503244,Elena Lopez,M,2026-01-10,449.55,Mixco,Retail
502202,Andrea Alvarez,M,2026-02-17,98.99,Amatitlan,Education
504787,Carlos Hernandez,F,2026-02-16,458.61,Desconocida,Food
503100,Carmen Fuentes,F,2026-01-23,398.5,Villa Nueva,Retail
502089,Gabriela Dominguez,M,2026-01-23,295.44,Escuintla,Retail
501549,Karla Lima,F,2026-01-06,71.1,Guatemala,Retail
500309,Ana Perez,F,2026-02-02,301.1,Amatitlan,Food
501173,Laura Ortega,F,2026-01-11,252.03,Chimaltenango,Education
503208,Carmen Lopez,M,2026-01-24,42.3,Amatitlan,Education
502752,Karla Flores,M,2026-01-21,222.91,Amatitlan,Food
503992,Andrea Soto,F,2026-01-07,177.57,Guatemala,Services
503229,Rene Soto,F,2026-01-02,251.8,Villa Nueva,Services
503303,Juan Diaz,F,2026-02-14,440.91,Amatitlan,Education
503293,Ricardo Lima,M,2026-02-09,239.18,Mixco,Services
502580,Kevin  Rojas,M,2026-01-23,209.79,Guatemala,Education
502851,Luis Ruiz,F,2026-01-14,54.78,Escuintla,Retail
502862,Kevin Herrera,M,2026-01-05,216.51,Mixco,Food
500138,Pedro Diaz,F,2026-02-23,85.89,Villa Nueva,Services
502613,Gabriela Molina,M,2026-01-12,475.31,Guatemala,Education
501518,Miguel Nunez,F,2026-02-14,40.05,Quetzaltenango,Food
502061,Kevin  Dominguez,F,2026-01-30,254.9,Guatemala,Services
504612,Hector Ortega,F,2026-02-10,479.95,Escuintla,Food
501429,Juan Mendez,F,2026-01-22,190.68,Escuintla,Retail
503761,Kevin Lima,M,2026-02-28,206.99,Escuintla,Retail
502888,Hector Lopez,M,2026-02-12,479.02,Quetzaltenango,Food
502164,Laura  Morales,F,2026-01-02,251.8,Escuintla,Services
501078,Gustavo Mazariegos,M,2026-02-11,85.03,Amatitlan,Services
500970,Monica Molina,M,2026-01-20,376.28,Villa Nueva,Services
500270,Rene Mendez,F,2026-02-27,142.21,Antigua,Services
504360,Ana Fuentes,M,2026-02-09,491.47,Villa Nueva,Food
504507,Carlos Torres,F,2026-01-31,132.81,Chimaltenango,Education
502813,Oscar Lima,M,2026-01-31,469.93,Amatitlan,Education
503814,Fernando Soto,F,2026-02-09,410.5,Guatemala,Services
504316,Pedro Reyes,F,2026-01-12,184.39,Mixco,Food
500085,Luis Perez,F,2026-01-27,379.91,Villa Nueva,Food
503539,Kevin Diaz,F,2026-01-23,76.97,Escuintla,Food
501059,Carlos Solis,F,2026-01-06,149.04,Villa Nueva,Food
504692,Elena Ortega,M,2026-02-17,462.92,Quetzaltenango,Services
502722,Fernando Hernandez,F,2026-01-27,85.31,Chimaltenango,Education
500205,Kevin Castillo,M,2026-01-29,251.8,Mixco,Services
504189,Andrea Lima,M,2026-02-25,436.29,Quetzaltenango,Education
502985,Pablo Reyes,M,2026-02-18,251.8,Antigua,Retail
502021,Diana Alvarez,M,2026-03-01,89.39,Guatemala,Food
502542,Andrea Nunez,M,2026-01-08,361.28,Mixco,Food
501259,Jose Dominguez,F,2026-01-09,438.35,Chimaltenango,Services
503780,Carlos Lopez,F,2026-02-11,489.99,Quetzaltenango,Services
501729,Ana Ortega,M,2026-02-14,93.57,Quetzaltenango,Services
504740,Monica  Solis,F,2026-01-29,438.53,Guatemala,Education
500732,Pedro Solis,F,2026-01-02,251.8,Guatemala,Food
501755,Carlos Alvarez,F,2026-02-18,213.6,Desconocida,Food
502175,Pedro Flores,F,2026-02-17,402.9,Antigua,Food
502418,Carlos Vargas,M,2026-02-02,32.79,Antigua,Food
504721,Fernando Aguilar,M,2026-01-06,264.11,Amatitlan,Education
500902,Daniel Gomez,M,2026-02-13,251.8,Mixco,Food
503866,Andrea Solis,F,2026-01-16,20.81,Desconocida,Services
502299,Patricia Torres,M,2026-02-17,21.6,Chimaltenango,Retail
500199,Rene Ruiz,F,2026-02-03,304.34,Guatemala,Services
500074,Isabel Morales,F,2026-02-10,228.13,Chimaltenango,Services
502145,Paola  Mejia,F,2026-01-03,251.54,Quetzaltenango,Education
503735,Gustavo Dominguez,M,2026-02-14,419.78,Amatitlan,Services
503146,Isabel Vargas,F,2026-02-06,210.82,Desconocida,Services
500040,Miguel  Solis,F,2026-02-02,364.17,Quetzaltenango,Food
501213,Daniel Alvarez,M,2026-02-27,475.67,Quetzaltenango,Food
500337,Diana  Aguilar,M,2026-01-12,190.07,Antigua,Education
500827,Pablo Mendez,M,2026-02-17,208.88,Antigua,Food
500189,Miguel  Vargas,M,2026-01-05,398.19,Chimaltenango,Education
503465,Valeria Vargas,M,2026-02-28,62.4,Antigua,Education
500983,Elena Ortega,M,2026-02-01,239.02,Antigua,Services
503851,Daniel Mazariegos,M,2026-01-23,27.8,Antigua,Services
502183,Rene Fuentes,M,2026-02-19,83.61,Guatemala,Food
502110,Gabriela Fuentes,M,2026-02-17,174.11,Desconocida,Services
504555,Karla Aguilar,F,2026-02-12,251.8,Desconocida,Services
502320,Paola  Dominguez,F,2026-02-12,331.99,Escuintla,Retail
502793,Andrea Dominguez,M,2026-02-23,84.47,Villa Nueva,Services
503214,Maria Ortega,F,2026-01-05,412.38,Antigua,Education
502373,Fernando  Hernandez,F,2026-01-13,238.82,Escuintla,Education
500090,Paola Ramirez,F,2026-02-24,87.13,Quetzaltenango,Education
501936,Paola  Reyes,M,2026-02-10,222.98,Amatitlan,Education
503265,Isabel Diaz,F,2026-01-19,355.75,Mixco,Retail
502228,Sofia Hernandez,F,2026-02-26,148.69,Chimaltenango,Education
500899,Fernando Castillo,M,2026-02-18,372.54,Chimaltenango,Education
503574,Ricardo Lopez,M,2026-02-10,260.06,Escuintla,Services
500275,Gabriela Ramirez,F,2026-02-19,193.93,Quetzaltenango,Food
504568,Luis Ramirez,M,2026-01-26,26.17,Escuintla,Food
502327,Gabriela Ruiz,F,2026-01-09,191.09,Antigua,Education
503306,Ana Mazariegos,F,2026-02-27,210.79,Villa Nueva,Education
504193,Rene Mejia,M,2026-02-10,147.15,Amatitlan,Food
500321,Gabriela Rojas,F,2026-01-23,67.72,Villa Nueva,Education
502937,Juan Morales,F,2026-02-07,251.8,Amatitlan,Food
503532,Maria Flores,M,2026-01-27,251.8,Quetzaltenango,Retail
501592,Carmen Molina,F,2026-02-05,496.79,Amatitlan,Retail
502018,Paola  Fuentes,M,2026-03-01,251.8,Escuintla,Education
501753,Isabel Paz,F,2026-01-18,352.37,Chimaltenango,Retail
501254,Carmen Ramirez,M,2026-01-16,368.68,Chimaltenango,Food
502223,Oscar Ramirez,M,2026-02-10,480.18,Quetzaltenango,Food
504240,Isabel  Perez,F,2026-02-24,269.6,Escuintla,Services
502395,Jose Lopez,M,2026-02-01,251.8,Quetzaltenango,Food
504659,Pablo  Lopez,M,2026-02-24,171.48,Escuintla,Education
502801,Paola Gomez,F,2026-01-26,22.03,Escuintla,Education
500432,Ricardo Ruiz,F,2026-01-01,438.82,Villa Nueva,Retail
503593,Elena Hernandez,F,2026-01-25,27.17,Mixco,Food
503328,Diana Gomez,M,2026-02-11,438.61,Villa Nueva,Education
502285,Daniel Hernandez,F,2026-02-13,154.28,Antigua,Education
503468,Karla Solis,M,2026-02-07,251.8,Chimaltenango,Services
500458,Hector Vargas,F,2026-01-16,58.89,Guatemala,Retail
502543,Carmen Ramirez,F,2026-01-05,122.88,Guatemala,Services
500209,Ana Lopez,F,2026-01-11,16.77,Escuintla,Food
500771,Gabriela Nunez,M,2026-02-19,264.67,Mixco,Services
501920,Hector Mejia,F,2026-02-11,251.8,Villa Nueva,Education
503827,Karla  Cruz,F,2026-02-27,7.48,Villa Nueva,Education
503081,Sofia Flores,M,2026-01-21,327.33,Chimaltenango,Food
503610,Jose Solis,F,2026-02-07,234.14,Desconocida,Retail
504223,Oscar Rojas,M,2026-01-28,218.71,Escuintla,Retail
500802,Carlos Cruz,F,2026-02-04,462.04,Escuintla,Education
503752,Laura Dominguez,M,2026-02-24,410.45,Mixco,Retail
504267,Carlos Reyes,F,2026-02-08,336.26,Escuintla,Food
504397,Ana Nunez,M,2026-01-01,250.58,Escuintla,Food
504580,Pablo Castillo,F,2026-01-07,40.94,Guatemala,Education
500867,Oscar  Hernandez,M,2026-01-14,249.56,Antigua,Services
501663,Patricia  Mendez,M,2026-01-28,141.83,Villa Nueva,Education
503972,Kevin Molina,M,2026-02-28,356.94,Antigua,Retail
501482,Pedro Castillo,F,2026-01-08,333.77,Mixco,Education
501160,Diana Vargas,M,2026-02-26,471.59,Mixco,Retail
501089,Pablo Castillo,F,2026-01-12,251.8,Chimaltenango,Services
503416,Luis Perez,M,2026-03-01,445.72,Amatitlan,Retail
501720,Diana Diaz,F,2026-02-26,251.8,Chimaltenango,Food
500666,Pedro Ramirez,F,2026-01-24,372.32,Mixco,Food
500320,Gustavo Solis,F,2026-02-14,359.37,Villa Nueva,Food
500880,Isabel Flores,M,2026-01-16,251.8,Mixco,Retail
504887,Isabel Herrera,F,2026-02-12,282.64,Guatemala,Services
502744,Luis Dominguez,M,2026-02-27,142.32,Amatitlan,Retail
501006,Jose Ramirez,M,2026-01-03,372.81,Villa Nueva,Retail
501507,Pablo Morales,M,2026-02-03,210.33,Desconocida,Education
500284,Carlos Molina,F,2026-01-28,202.64,Amatitlan,Education
501447,Ricardo Ruiz,M,2026-01-08,87.17,Antigua,Services
503149,Andrea Soto,F,2026-01-26,465.47,Guatemala,Retail
501245,Gabriela Hernandez,M,2026-02-10,251.8,Quetzaltenango,Food
500033,Elena Ruiz,M,2026-01-15,175.62,Desconocida,Food
500736,Karla  Rojas,F,2026-01-02,342.28,Amatitlan,Services
501962,Carmen Lopez,F,2026-02-16,312.34,Desconocida,Services
502316,Gabriela Paz,F,2026-02-17,141.32,Villa Nueva,Food
502270,Gustavo Nunez,F,2026-02-08,43.52,Villa Nueva,Food
501900,Pablo Ruiz,M,2026-01-16,437.96,Chimaltenango,Food
503700,Pablo Alvarez,M,2026-01-07,159.0,Villa Nueva,Services
504042,Carlos Gomez,M,2026-02-06,99.53,Quetzaltenango,Food
501883,Valeria Ortega,M,2026-01-25,322.98,Amatitlan,Services
503003,Gabriela Mazariegos,F,2026-02-09,279.76,Chimaltenango,Services
504731,Daniel Mendez,F,2026-02-21,42.03,Guatemala,Food
501924,Jose  Lopez,M,2026-02-02,239.09,Mixco,Services
500370,Gabriela Molina,F,2026-02-22,140.13,Mixco,Food
501731,Hector Ortega,M,2026-02-27,106.88,Desconocida,Retail
504732,Paola Ruiz,F,2026-01-05,46.1,Villa Nueva,Services
504037,Valeria Ruiz,F,2026-02-17,424.46,Chimaltenango,Retail
504688,Laura Mejia,M,2026-01-07,127.33,Mixco,Education
501509,Oscar Lima,M,2026-02-12,250.31,Chimaltenango,Food
502013,Elena Reyes,F,2026-02-10,251.8,Mixco,Retail
500173,Ricardo Vargas,M,2026-03-01,15.84,Villa Nueva,Services
504607,Pedro Mendez,F,2026-02-07,251.8,Quetzaltenango,Retail
503443,Pablo Ruiz,F,2026-02-19,22.67,Mixco,Services
502090,Monica Mejia,M,2026-01-31,237.89,Quetzaltenango,Services
501222,Sofia Molina,F,2026-02-08,251.8,Quetzaltenango,Education
503250,Andrea Mejia,M,2026-01-21,35.92,Mixco,Food
500428,Karla Gomez,M,2026-02-21,432.15,Guatemala,Retail
501767,Valeria Mejia,F,2026-02-19,81.62,Villa Nueva,Retail
500223,Pablo  Dominguez,F,2026-02-22,429.81,Chimaltenango,Services
501394,Rene Soto,M,2026-01-10,347.5,Villa Nueva,Retail
504137,Fernando Aguilar,F,2026-01-18,269.23,Escuintla,Retail
501519,Miguel Alvarez,F,2026-01-16,459.16,Quetzaltenango,Education
502077,Laura Flores,F,2026-01-17,167.74,Villa Nueva,Education
502886,Sofia Herrera,F,2026-02-19,274.9,Antigua,Services
504291,Maria Castillo,M,2026-01-27,450.48,Mixco,Services
501738,Hector Soto,M,2026-02-10,260.71,Chimaltenango,Food
501743,Gustavo Perez,F,2026-02-23,154.6,Quetzaltenango,Food
504216,Kevin Alvarez,F,2026-01-22,280.94,Villa Nueva,Retail
502840,Luis Ortega,M,2026-01-01,151.38,Guatemala,Education
501226,Valeria Dominguez,M,2026-01-11,251.8,Quetzaltenango,Food
501009,Diana Cruz,F,2026-02-19,322.35,Chimaltenango,Services
500720,Fernando Aguilar,F,2026-02-13,229.36,Quetzaltenango,Services
502743,Paola Lopez,F,2026-02-24,112.65,Chimaltenango,Education
502501,Elena  Mendez,M,2026-02-09,251.8,Escuintla,Retail
502969,Daniel Gomez,M,2026-02-11,3.5,Amatitlan,Retail
501151,Karla Morales,F,2026-01-10,312.42,Guatemala,Services
504767,Diana Mejia,F,2026-01-03,37.48,Villa Nueva,Education
500953,Diana Aguilar,M,2026-01-26,185.93,Escuintla,Education
501875,Diana  Castillo,M,2026-02-01,129.48,Escuintla,Food
502246,Isabel Dominguez,F,2026-01-11,499.15,Mixco,Food
502386,Andrea Diaz,F,2026-01-19,473.11,Escuintla,Services
500318,Kevin Cruz,F,2026-01-22,219.74,Quetzaltenango,Retail
502088,Fernando Lopez,F,2026-02-26,276.87,Amatitlan,Food
500768,Kevin Molina,M,2026-02-10,160.73,Quetzaltenango,Retail
501540,Oscar  Diaz,M,2026-02-04,170.45,Villa Nueva,Services
500882,Sofia Ruiz,F,2026-02-27,71.99,Guatemala,Services
503017,Monica Mazariegos,F,2026-02-20,102.54,Chimaltenango,Food
501092,Andrea  Lopez,M,2026-01-17,43.3,Quetzaltenango,Retail
502493,Miguel Mazariegos,F,2026-02-07,251.8,Antigua,Retail
503371,Elena Flores,F,2026-01-20,456.84,Chimaltenango,Retail
501626,Miguel Ruiz,M,2026-01-17,382.27,Quetzaltenango,Education
501563,Andrea  Aguilar,F,2026-01-30,301.91,Villa Nueva,Retail
502562,Monica Cruz,F,2026-01-03,33.8,Escuintla,Services
504430,Carlos Mendez,F,2026-01-17,236.91,Escuintla,Food
502118,Oscar Ortega,M,2026-02-21,255.57,Escuintla,Food
502474,Pablo Ruiz,F,2026-01-25,324.53,Chimaltenango,Food
503091,Pablo Gomez,M,2026-02-05,30.74,Guatemala,Retail
502691,Karla  Reyes,M,2026-02-23,251.8,Quetzaltenango,Education
500462,Ana  Soto,F,2026-02-15,486.37,Desconocida,Retail
504252,Ana Perez,F,2026-02-12,494.29,Escuintla,Retail
501697,Valeria Morales,M,2026-01-27,251.8,Antigua,Services
503356,Gustavo Aguilar,F,2026-02-19,223.64,Villa Nueva,Food
504478,Oscar Diaz,M,2026-03-01,41.9,Chimaltenango,Services
503795,Rene Herrera,F,2026-01-05,251.8,Quetzaltenango,Retail
503614,Maria Lopez,M,2026-02-21,217.05,Quetzaltenango,Services
500811,Laura  Dominguez,F,2026-01-21,251.8,Escuintla,Food
503184,Elena Dominguez,M,2026-01-14,35.66,Guatemala,Retail
503362,Laura Nunez,M,2026-01-16,382.89,Guatemala,Services
502666,Isabel Vargas,M,2026-02-24,341.05,Antigua,Education
500640,Ricardo Paz,F,2026-01-14,283.51,Amatitlan,Services
501159,Carlos Fuentes,M,2026-01-05,177.45,Amatitlan,Services
500167,Sofia Flores,M,2026-01-31,499.47,Villa Nueva,Retail
504560,Fernando  Ortega,F,2026-02-28,205.36,Guatemala,Services
502169,Kevin Torres,M,2026-02-24,29.38,Antigua,Services
503643,Patricia Molina,M,2026-02-04,251.8,Chimaltenango,Food
502140,Gustavo Gomez,F,2026-01-01,297.62,Mixco,Food
504248,Diana Fuentes,F,2026-01-14,428.2,Villa Nueva,Food
500873,Ricardo Alvarez,M,2026-01-07,6.55,Amatitlan,Education
503457,Pablo Paz,M,2026-01-27,483.37,Quetzaltenango,Education
503848,Paola Reyes,F,2026-01-16,404.43,Mixco,Food
502685,Isabel Torres,M,2026-01-09,450.8,Escuintla,Education
502867,Ana Castillo,M,2026-02-06,251.8,Amatitlan,Education
504485,Jose Nunez,M,2026-01-28,365.01,Antigua,Education
502560,Hector Solis,F,2026-02-03,251.8,Escuintla,Food
503977,Daniel Dominguez,F,2026-01-06,160.3,Escuintla,Retail
504859,Elena  Alvarez,M,2026-01-20,230.09,Mixco,Retail
504358,Hector  Nunez,F,2026-01-25,251.8,Amatitlan,Retail
500670,Jose Torres,M,2026-02-03,207.49,Guatemala,Services
504689,Carmen Castillo,M,2026-02-10,251.8,Desconocida,Retail
500316,Laura  Diaz,F,2026-02-07,431.01,Amatitlan,Services
503055,Fernando Hernandez,F,2026-01-28,324.89,Amatitlan,Services
500083,Maria Paz,M,2026-01-11,469.06,Quetzaltenango,Food
500455,Diana Hernandez,F,2026-01-08,134.64,Amatitlan,Food
501695,Carlos Ramirez,F,2026-01-17,164.8,Villa Nueva,Education
503005,Carmen Molina,F,2026-02-19,251.8,Amatitlan,Services
503817,Valeria Ramirez,F,2026-02-20,459.13,Quetzaltenango,Retail
503634,Juan Gomez,M,2026-02-15,442.48,Guatemala,Education
502827,Maria Ortega,M,2026-02-11,93.21,Antigua,Education
503280,Karla Lima,F,2026-01-26,231.33,Mixco,Retail
500871,Carmen Solis,F,2026-03-01,221.44,Antigua,Retail
503243,Carmen  Fuentes,M,2026-02-25,84.6,Guatemala,Retail
501576,Elena  Ruiz,F,2026-01-29,352.81,Guatemala,Food
502378,Kevin  Mejia,M,2026-01-18,312.73,Guatemala,Retail
502516,Daniel Nunez,M,2026-01-15,7.88,Escuintla,Education
504325,Hector  Ruiz,F,2026-01-07,479.28,Quetzaltenango,Services
501616,Luis  Soto,F,2026-01-20,70.12,Mixco,Retail
504772,Carlos Herrera,F,2026-01-29,174.93,Antigua,Education
501145,Ricardo  Ortega,M,2026-02-26,251.8,Quetzaltenango,Services
503377,Gustavo Alvarez,M,2026-01-03,431.06,Antigua,Food
500662,Laura Mazariegos,F,2026-01-24,312.39,Amatitlan,Education
502308,Sofia Soto,F,2026-02-20,332.54,Villa Nueva,Retail
502671,Elena  Perez,M,2026-01-27,251.8,Chimaltenango,Education
500804,Sofia Morales,F,2026-02-10,111.97,Antigua,Services
502385,Elena Cruz,F,2026-02-13,11.78,Quetzaltenango,Education
501665,Oscar Ruiz,F,2026-02-17,182.65,Guatemala,Education
504878,Pedro Hernandez,M,2026-01-15,357.05,Antigua,Services
502317,Pablo Gomez,F,2026-02-10,140.55,Guatemala,Food
501301,Oscar Herrera,F,2026-01-01,420.73,Amatitlan,Services
504387,Isabel Vargas,F,2026-02-08,357.31,Guatemala,Food
501898,Diana Aguilar,M,2026-01-26,463.89,Villa Nueva,Education
500342,Diana  Rojas,F,2026-02-02,251.8,Villa Nueva,Education
500917,Luis Herrera,F,2026-02-19,251.8,Guatemala,Services
503398,Carmen Mejia,M,2026-01-01,251.8,Mixco,Retail
502901,Daniel Molina,M,2026-01-15,452.65,Mixco,Education
502796,Ricardo Mazariegos,F,2026-01-22,251.8,Quetzaltenango,Food
503148,Ana Alvarez,M,2026-01-28,418.33,Amatitlan,Services
503059,Paola  Alvarez,F,2026-01-24,293.68,Escuintla,Food
502759,Gustavo Molina,M,2026-02-02,184.7,Mixco,Services
500818,Monica  Solis,M,2026-02-20,251.8,Mixco,Retail
500978,Pedro Torres,M,2026-01-01,170.83,Chimaltenango,Retail
500752,Ana Aguilar,F,2026-01-23,461.34,Guatemala,Food
500926,Pedro Dominguez,F,2026-02-27,130.43,Quetzaltenango,Retail
501384,Patricia Solis,M,2026-02-20,161.27,Quetzaltenango,Education
503230,Ricardo Morales,M,2026-02-02,234.98,Villa Nueva,Services
501082,Juan Soto,M,2026-01-07,425.51,Chimaltenango,Services
503623,Gustavo Reyes,M,2026-01-24,11.49,Mixco,Retail
503785,Rene Soto,M,2026-02-21,100.37,Villa Nueva,Retail
500017,Valeria Torres,F,2026-02-15,251.8,Guatemala,Retail
502322,Miguel Castillo,M,2026-02-21,218.25,Quetzaltenango,Services
504119,Sofia Lima,M,2026-02-26,284.09,Escuintla,Retail
502885,Maria Gomez,F,2026-01-20,116.84,Guatemala,Services
502187,Luis Morales,M,2026-01-10,179.53,Amatitlan,Services
501471,Andrea Soto,F,2026-01-30,114.17,Amatitlan,Retail
503850,Jose Lopez,M,2026-03-01,94.36,Chimaltenango,Retail
504596,Maria  Nunez,M,2026-01-27,251.8,Amatitlan,Education
504026,Juan Paz,F,2026-02-06,392.94,Amatitlan,Services
502190,Fernando Ramirez,M,2026-01-14,86.29,Amatitlan,Retail
503032,Fernando Mejia,M,2026-01-12,391.13,Chimaltenango,Retail
503707,Elena Soto,F,2026-01-29,418.89,Amatitlan,Retail
501824,Oscar  Cruz,M,2026-02-02,316.46,Quetzaltenango,Food
504897,Kevin  Flores,F,2026-01-26,113.72,Amatitlan,Education
503764,Jose Gomez,M,2026-02-06,116.52,Escuintla,Education
504438,Paola Torres,M,2026-01-28,275.55,Amatitlan,Services
504028,Ana Flores,M,2026-02-15,171.77,Chimaltenango,Education
500283,Carmen Diaz,M,2026-02-16,164.41,Quetzaltenango,Retail
503222,Sofia Lopez,F,2026-01-25,234.13,Amatitlan,Retail
500092,Laura Dominguez,F,2026-02-11,2.82,Quetzaltenango,Services
503999,Miguel Ruiz,F,2026-02-24,284.22,Antigua,Food
504585,Elena Reyes,F,2026-01-03,259.54,Antigua,Retail
500831,Oscar Alvarez,F,2026-01-27,65.89,Guatemala,Retail
502928,Diana Vargas,F,2026-02-17,172.01,Escuintla,Food
500162,Isabel  Dominguez,F,2026-01-16,18.4,Mixco,Retail
504758,Andrea Aguilar,M,2026-01-10,289.26,Guatemala,Services
502019,Patricia  Dominguez,M,2026-01-13,283.67,Guatemala,Food
503309,Hector Herrera,M,2026-02-08,428.88,Escuintla,Food
502426,Monica Mazariegos,F,2026-01-10,102.08,Mixco,Services
500608,Monica  Ortega,F,2026-01-02,347.07,Quetzaltenango,Services
504120,Patricia Cruz,M,2026-02-04,272.06,Chimaltenango,Education
504142,Paola Mendez,M,2026-01-22,413.29,Mixco,Services
501344,Juan Ramirez,F,2026-02-28,428.59,Amatitlan,Education
504431,Gabriela Nunez,F,2026-01-02,445.73,Antigua,Services
504183,Valeria Mendez,F,2026-02-25,356.73,Villa Nueva,Services
503617,Laura  Hernandez,M,2026-02-27,386.39,Quetzaltenango,Education
502017,Jose Alvarez,M,2026-02-13,267.57,Amatitlan,Education
504067,Pablo Flores,F,2026-01-09,40.33,Antigua,Services
501950,Elena  Aguilar,M,2026-01-05,309.08,Guatemala,Food
503021,Maria Lopez,F,2026-01-12,235.83,Mixco,Food
502483,Valeria Soto,M,2026-02-20,134.93,Escuintla,Services
504140,Monica  Rojas,F,2026-02-09,352.04,Amatitlan,Food
502004,Andrea  Mejia,M,2026-01-02,251.8,Quetzaltenango,Services
502619,Ana Nunez,M,2026-01-26,378.35,Guatemala,Services
502529,Elena Aguilar,M,2026-03-01,209.71,Amatitlan,Retail
500895,Andrea Ortega,F,2026-02-04,251.8,Amatitlan,Food
504418,Rene Molina,F,2026-02-24,367.15,Mixco,Food
504199,Hector Lopez,F,2026-01-27,207.18,Mixco,Food
501347,Ana  Mendez,F,2026-01-29,187.38,Antigua,Education
502197,Maria Flores,M,2026-02-11,392.1,Villa Nueva,Education
503951,Ana Torres,F,2026-01-22,251.8,Escuintla,Retail
500106,Carlos Mazariegos,F,2026-01-04,311.41,Chimaltenango,Retail
502265,Diana Herrera,M,2026-01-19,87.94,Antigua,Retail
502421,Laura Flores,F,2026-01-24,299.2,Antigua,Food
500763,Oscar Dominguez,M,2026-01-31,152.74,Guatemala,Retail
503329,Andrea Rojas,F,2026-02-06,119.59,Quetzaltenango,Food
500549,Daniel  Ortega,M,2026-01-20,458.08,Amatitlan,Services
503193,Sofia Alvarez,M,2026-02-01,22.09,Quetzaltenango,Food
504826,Juan Perez,F,2026-02-26,73.9,Antigua,Services
503498,Ricardo Torres,M,2026-02-23,436.78,Guatemala,Food
500192,Elena Cruz,F,2026-02-11,206.33,Guatemala,Food
504317,Gustavo Diaz,M,2026-02-01,324.83,Villa Nueva,Services
502766,Jose Solis,M,2026-01-27,307.87,Amatitlan,Education
502002,Gustavo  Nunez,F,2026-02-20,267.87,Desconocida,Services
501528,Elena Mendez,M,2026-01-27,172.71,Guatemala,Food
502039,Gabriela  Perez,M,2026-01-11,361.17,Mixco,Food
503944,Pedro Fuentes,F,2026-02-10,114.34,Amatitlan,Food
504541,Elena Nunez,F,2026-01-13,498.29,Antigua,Food
501465,Jose Hernandez,M,2026-01-17,277.07,Mixco,Food
503697,Gabriela Lima,M,2026-02-17,251.8,Antigua,Services
500654,Gabriela Diaz,F,2026-01-22,270.7,Amatitlan,Retail
500981,Andrea Molina,M,2026-01-13,93.43,Mixco,Food
504796,Luis Hernandez,M,2026-01-20,328.58,Amatitlan,Food
500429,Patricia Castillo,M,2026-01-21,413.79,Chimaltenango,Retail
503691,Luis Dominguez,F,2026-01-01,158.24,Villa Nueva,Education
501478,Fernando Mazariegos,F,2026-01-24,236.64,Villa Nueva,Retail
501822,Fernando Torres,M,2026-02-10,12.95,Antigua,Education
501282,Ana Cruz,F,2026-01-08,256.7,Guatemala,Retail
501492,Carmen Herrera,F,2026-02-04,417.42,Amatitlan,Education
503350,Luis Paz,F,2026-02-19,147.57,Chimaltenango,Food
503873,Monica  Soto,F,2026-01-02,213.36,Quetzaltenango,Retail
502114,Gabriela Flores,M,2026-01-21,31.02,Guatemala,Services
504663,Hector  Reyes,M,2026-02-06,481.68,Guatemala,Services
503120,Monica Reyes,F,2026-02-28,482.63,Mixco,Food
501350,Oscar  Perez,M,2026-02-22,61.93,Guatemala,Retail
503804,Andrea  Mejia,F,2026-01-13,191.02,Guatemala,Retail
502098,Laura Molina,M,2026-02-04,65.97,Guatemala,Services
500440,Daniel Reyes,F,2026-01-03,332.41,Chimaltenango,Services
502455,Monica Diaz,F,2026-01-03,196.79,Amatitlan,Retail
502760,Ricardo Reyes,F,2026-02-18,411.21,Guatemala,Education
502554,Gustavo Paz,M,2026-02-02,251.8,Chimaltenango,Services
501951,Carlos Aguilar,F,2026-01-23,178.7,Desconocida,Services
502498,Ana Paz,M,2026-02-25,40.61,Villa Nueva,Retail
501246,Ricardo Rojas,F,2026-01-27,130.08,Mixco,Retail
501102,Elena Aguilar,F,2026-02-26,69.62,Mixco,Food
500934,Monica Lopez,F,2026-01-22,45.81,Antigua,Food
504630,Kevin Solis,F,2026-01-31,464.63,Chimaltenango,Services
504391,Diana Mazariegos,F,2026-01-05,349.01,Guatemala,Food
503228,Gabriela Diaz,F,2026-02-01,312.41,Guatemala,Education
500836,Ricardo  Alvarez,M,2026-02-18,127.93,Quetzaltenango,Education
503605,Luis Herrera,M,2026-01-01,344.34,Chimaltenango,Education
502592,Elena Ortega,M,2026-02-11,381.87,Amatitlan,Food
503223,Maria  Nunez,M,2026-02-12,239.05,Escuintla,Food
500034,Ricardo Lopez,M,2026-02-10,461.87,Villa Nueva,Services
503756,Miguel Hernandez,F,2026-02-15,496.21,Escuintla,Retail
500964,Monica Flores,F,2026-01-19,96.85,Escuintla,Services
500133,Oscar Diaz,F,2026-02-25,13.25,Amatitlan,Food
503349,Paola Molina,M,2026-02-08,4.02,Quetzaltenango,Food
504284,Ana Torres,M,2026-02-02,280.36,Amatitlan,Education
504694,Hector  Soto,M,2026-01-10,225.83,Escuintla,Retail
504173,Pablo Herrera,F,2026-02-16,361.49,Guatemala,Services
501467,Juan Paz,F,2026-02-28,13.63,Antigua,Services
503373,Laura Ramirez,F,2026-01-02,60.15,Quetzaltenango,Food
502649,Juan Hernandez,F,2026-01-24,269.18,Chimaltenango,Education
501906,Elena Paz,M,2026-01-22,183.52,Antigua,Retail
503314,Paola Herrera,M,2026-02-12,205.65,Mixco,Retail
500397,Daniel Solis,F,2026-02-01,101.1,Villa Nueva,Services
504352,Rene Castillo,M,2026-02-25,487.67,Quetzaltenango,Services
502216,Jose Paz,M,2026-02-05,165.39,Quetzaltenango,Retail
500593,Ana  Castillo,F,2026-02-21,318.13,Guatemala,Services
501108,Rene Ortega,F,2026-02-25,392.94,Escuintla,Education
503675,Luis Perez,F,2026-01-27,19.32,Mixco,Services
503333,Patricia Perez,F,2026-02-23,326.88,Quetzaltenango,Food
502589,Fernando Paz,M,2026-02-15,237.82,Escuintla,Services
500839,Diana Nunez,M,2026-01-27,389.31,Quetzaltenango,Retail
503196,Rene Cruz,M,2026-02-28,53.17,Desconocida,Education
500859,Maria Dominguez,F,2026-01-30,352.27,Chimaltenango,Retail
503630,Elena  Dominguez,F,2026-01-20,9.72,Mixco,Food
504557,Valeria Mazariegos,F,2026-01-29,314.36,Chimaltenango,Education
500474,Isabel Hernandez,F,2026-01-10,102.84,Mixco,Education
503660,Sofia Vargas,M,2026-03-01,251.8,Mixco,Food
501201,Paola Reyes,F,2026-02-10,135.77,Chimaltenango,Services
502534,Pablo  Molina,F,2026-01-18,234.99,Desconocida,Services
503448,Andrea  Herrera,F,2026-02-15,52.15,Chimaltenango,Food
501733,Fernando Rojas,F,2026-02-21,362.84,Escuintla,Education
502525,Luis Fuentes,F,2026-02-19,385.01,Villa Nueva,Retail
503503,Daniel Morales,F,2026-01-11,342.01,Desconocida,Retail
502618,Hector Mazariegos,F,2026-01-10,33.52,Amatitlan,Education
504441,Pedro Mejia,F,2026-01-07,338.08,Quetzaltenango,Food
502593,Rene Molina,F,2026-01-15,365.02,Antigua,Food
501617,Elena Diaz,F,2026-02-04,99.91,Villa Nueva,Food
502906,Andrea Solis,F,2026-01-28,58.39,Villa Nueva,Food
500299,Laura Soto,F,2026-01-22,244.22,Escuintla,Education
503787,Oscar Ortega,F,2026-01-17,319.92,Villa Nueva,Education
503084,Jose Alvarez,M,2026-01-24,340.36,Mixco,Education
501387,Paola Cruz,F,2026-01-02,199.83,Desconocida,Food
502764,Andrea Rojas,F,2026-01-14,161.72,Amatitlan,Food
500986,Pablo Vargas,F,2026-02-13,92.16,Quetzaltenango,Education
502244,Elena Ruiz,M,2026-02-26,497.36,Mixco,Retail
503454,Juan  Herrera,M,2026-02-04,251.8,Quetzaltenango,Retail
502245,Valeria Ortega,M,2026-01-26,334.61,Desconocida,Retail
501995,Patricia Castillo,M,2026-01-28,317.64,Chimaltenango,Services
500553,Fernando Flores,M,2026-01-05,395.45,Villa Nueva,Food
502136,Laura Paz,F,2026-02-07,351.16,Quetzaltenango,Education
502366,Kevin Herrera,F,2026-01-01,494.04,Chimaltenango,Education
500985,Kevin Flores,F,2026-01-13,95.96,Antigua,Food
503295,Isabel  Perez,M,2026-01-16,380.37,Guatemala,Services
504096,Rene Lima,F,2026-02-14,398.21,Escuintla,Education
501228,Luis Ruiz,M,2026-01-06,290.81,Antigua,Education
504420,Elena Aguilar,M,2026-01-24,479.44,Antigua,Food
502625,Hector  Reyes,M,2026-02-18,464.13,Villa Nueva,Services
500649,Rene Ortega,M,2026-02-06,472.03,Quetzaltenango,Food
501311,Carlos Fuentes,F,2026-01-12,454.2,Quetzaltenango,Services
502043,Ricardo Vargas,M,2026-01-09,402.18,Quetzaltenango,Retail
500636,Carlos Castillo,M,2026-01-02,113.6,Guatemala,Education
500465,Luis Solis,F,2026-02-07,251.8,Amatitlan,Food
501840,Monica Reyes,M,2026-01-07,149.72,Amatitlan,Services
500009,Patricia Gomez,F,2026-01-30,18.26,Villa Nueva,Services
502464,Karla  Ortega,F,2026-02-15,41.98,Guatemala,Retail
503282,Daniel Molina,F,2026-02-11,90.51,Amatitlan,Education
502758,Paola  Paz,F,2026-02-21,327.86,Antigua,Retail
502811,Valeria Solis,M,2026-01-12,162.73,Escuintla,Food
500380,Paola Ramirez,F,2026-01-27,191.38,Guatemala,Food
500384,Paola Torres,M,2026-01-04,31.87,Guatemala,Education
503594,Miguel Morales,F,2026-02-19,402.19,Mixco,Food
501302,Fernando Lima,F,2026-01-26,306.84,Quetzaltenango,Education
503142,Andrea Herrera,F,2026-02-02,274.85,Escuintla,Food
503738,Isabel Nunez,M,2026-01-05,462.89,Chimaltenango,Services
504509,Maria Reyes,M,2026-01-04,116.16,Antigua,Education
503291,Miguel Diaz,F,2026-02-24,497.69,Guatemala,Services
501893,Patricia  Paz,F,2026-02-24,462.36,Chimaltenango,Education
503896,Daniel  Ruiz,F,2026-02-15,347.53,Escuintla,Food
504843,Pedro Perez,F,2026-01-13,452.25,Mixco,Food
501109,Sofia  Vargas,M,2026-01-22,409.95,Mixco,Education
500325,Fernando Nunez,F,2026-02-07,259.36,Mixco,Retail
502960,Rene Rojas,F,2026-01-01,240.31,Mixco,Services
503258,Pedro Morales,F,2026-01-18,333.77,Antigua,Food
502324,Paola Solis,F,2026-02-28,350.5,Antigua,Food
501567,Oscar Reyes,M,2026-02-02,255.58,Quetzaltenango,Retail
500524,Sofia Rojas,F,2026-02-24,278.74,Amatitlan,Food
501373,Miguel Castillo,F,2026-01-05,480.09,Escuintla,Food
502233,Luis Lopez,M,2026-01-17,177.12,Guatemala,Services
502180,Daniel Ruiz,F,2026-02-09,249.59,Chimaltenango,Food
502930,Hector Ruiz,F,2026-01-18,251.8,Amatitlan,Food
503932,Miguel Hernandez,M,2026-01-28,479.82,Quetzaltenango,Retail
503842,Oscar Ruiz,M,2026-02-18,254.88,Quetzaltenango,Food
500150,Kevin  Reyes,M,2026-01-18,251.8,Amatitlan,Food
500779,Fernando Gomez,M,2026-02-07,251.8,Quetzaltenango,Education
504553,Fernando Soto,M,2026-01-22,399.86,Desconocida,Food
503056,Juan Dominguez,M,2026-01-21,413.16,Mixco,Retail
501564,Daniel Gomez,F,2026-01-31,356.43,Escuintla,Services
501278,Luis  Ramirez,F,2026-02-15,12.17,Villa Nueva,Education
502060,Oscar Soto,M,2026-02-24,410.13,Antigua,Education
500987,Fernando Cruz,M,2026-01-10,147.23,Desconocida,Education
500025,Carlos Ruiz,F,2026-01-27,59.69,Villa Nueva,Education
503450,Kevin Vargas,M,2026-01-27,409.92,Chimaltenango,Education
500677,Rene Fuentes,F,2026-02-15,425.29,Mixco,Education
502160,Monica  Cruz,M,2026-01-13,490.94,Desconocida,Services
500888,Luis Fuentes,F,2026-02-05,454.52,Quetzaltenango,Food
504618,Paola Mendez,M,2026-01-09,207.16,Escuintla,Education
500174,Maria Dominguez,M,2026-02-14,495.6,Guatemala,Services
502250,Jose Dominguez,F,2026-01-18,186.07,Villa Nueva,Retail
504668,Laura  Castillo,F,2026-01-24,406.56,Villa Nueva,Retail
504408,Hector Vargas,F,2026-02-07,187.3,Escuintla,Services
503194,Kevin Castillo,F,2026-01-07,251.8,Escuintla,Services
504883,Miguel Solis,F,2026-01-15,356.61,Antigua,Food
503923,Maria Molina,M,2026-01-04,47.49,Antigua,Education
503995,Luis Flores,F,2026-01-14,439.11,Quetzaltenango,Retail
501712,Daniel Herrera,F,2026-01-17,112.86,Villa Nueva,Services
504874,Oscar Ruiz,M,2026-02-19,403.14,Escuintla,Retail
500977,Carlos Herrera,F,2026-01-29,46.51,Quetzaltenango,Education
502467,Gustavo Aguilar,M,2026-01-07,251.8,Escuintla,Retail
500684,Pedro  Dominguez,M,2026-01-13,224.99,Desconocida,Services
501699,Carmen Ruiz,M,2026-02-03,375.82,Villa Nueva,Retail
502509,Gustavo Molina,F,2026-02-24,87.42,Escuintla,Retail
503400,Ricardo  Herrera,M,2026-01-31,316.07,Guatemala,Retail
502605,Valeria Cruz,M,2026-01-03,38.79,Amatitlan,Food
502797,Pedro Alvarez,M,2026-01-29,251.8,Escuintla,Retail
504130,Andrea Fuentes,M,2026-01-12,78.99,Mixco,Services
504806,Andrea  Morales,F,2026-01-24,129.6,Chimaltenango,Services
502261,Oscar Paz,M,2026-02-02,495.59,Escuintla,Food
502894,Luis  Flores,M,2026-01-18,319.62,Antigua,Education
503727,Fernando Fuentes,M,2026-02-11,385.14,Escuintla,Education
504059,Pedro Diaz,M,2026-02-09,61.44,Escuintla,Services
503470,Andrea Mejia,M,2026-01-03,322.76,Guatemala,Education
501603,Valeria Lopez,F,2026-02-04,195.43,Chimaltenango,Services
501114,Fernando Castillo,M,2026-01-03,207.42,Quetzaltenango,Food
503798,Maria  Flores,F,2026-01-11,251.8,Mixco,Retail
502055,Gustavo Lima,M,2026-01-18,133.48,Chimaltenango,Services
504600,Isabel  Solis,M,2026-02-28,191.42,Amatitlan,Services
503188,Gustavo Molina,M,2026-01-20,457.9,Escuintla,Education
504148,Kevin Cruz,F,2026-01-07,236.56,Guatemala,Services
504654,Ricardo Fuentes,M,2026-01-30,383.18,Villa Nueva,Food
501403,Monica  Flores,F,2026-01-31,381.19,Antigua,Education
502814,Ricardo Nunez,F,2026-01-02,26.6,Antigua,Services
500094,Valeria Paz,M,2026-01-21,491.69,Guatemala,Food
502595,Patricia Perez,F,2026-02-11,318.54,Quetzaltenango,Services
501139,Carmen Alvarez,M,2026-02-12,454.26,Guatemala,Food
500552,Sofia Morales,F,2026-01-31,354.21,Chimaltenango,Retail
504208,Fernando Nunez,F,2026-02-11,390.95,Antigua,Retail
501305,Diana Dominguez,M,2026-01-16,189.55,Amatitlan,Services
504893,Rene Diaz,F,2026-01-27,81.6,Chimaltenango,Retail
500558,Oscar Castillo,F,2026-01-10,128.37,Amatitlan,Education
502454,Maria Mazariegos,F,2026-02-16,96.24,Antigua,Retail
504118,Gabriela Flores,F,2026-02-11,5.62,Villa Nueva,Retail
501973,Sofia Solis,F,2026-02-05,496.18,Antigua,Food
501041,Elena  Solis,F,2026-02-05,202.19,Villa Nueva,Retail
502950,Patricia  Cruz,M,2026-01-30,349.82,Villa Nueva,Retail
500939,Isabel  Mejia,M,2026-02-15,82.53,Villa Nueva,Education
502192,Jose  Molina,F,2026-01-26,285.29,Escuintla,Education
504388,Pablo Ramirez,F,2026-01-20,129.39,Quetzaltenango,Retail
504304,Carlos Soto,F,2026-01-24,433.52,Villa Nueva,Services
502254,Laura Rojas,F,2026-02-15,235.2,Quetzaltenango,Retail
503075,Oscar Alvarez,M,2026-01-17,444.59,Desconocida,Education
502680,Miguel Nunez,F,2026-02-26,48.36,Antigua,Education
504282,Diana Ortega,F,2026-02-10,52.06,Chimaltenango,Retail
502723,Luis Soto,M,2026-01-21,273.89,Amatitlan,Education
502910,Kevin Torres,F,2026-01-20,416.62,Amatitlan,Food
503516,Pedro  Flores,M,2026-01-02,312.24,Desconocida,Services
504385,Carlos Fuentes,F,2026-01-18,82.94,Amatitlan,Retail
503529,Ana Ramirez,M,2026-01-14,14.08,Escuintla,Services
504757,Gustavo Soto,F,2026-01-16,228.2,Chimaltenango,Education
504832,Andrea Morales,F,2026-02-04,433.67,Mixco,Food
503031,Karla Gomez,F,2026-01-31,219.19,Villa Nueva,Education
502672,Gustavo Ruiz,F,2026-02-08,456.09,Escuintla,Services
502637,Juan Herrera,F,2026-02-15,251.8,Desconocida,Retail
504676,Maria Aguilar,F,2026-01-21,148.51,Guatemala,Services
504827,Patricia Alvarez,F,2026-02-06,400.81,Chimaltenango,Education
500665,Gabriela  Mendez,F,2026-02-20,437.53,Escuintla,Education
501969,Jose Vargas,F,2026-02-04,286.08,Villa Nueva,Services
503008,Andrea Gomez,F,2026-01-29,88.36,Guatemala,Education
500389,Juan Castillo,F,2026-01-13,67.74,Desconocida,Education
500039,Gabriela Morales,M,2026-02-20,106.23,Escuintla,Education
503505,Miguel Nunez,F,2026-01-11,126.28,Guatemala,Education
500031,Gabriela Perez,M,2026-01-21,99.65,Escuintla,Education
502634,Isabel Fuentes,M,2026-01-05,174.06,Antigua,Food
504091,Rene Hernandez,F,2026-02-02,251.8,Chimaltenango,Education
504128,Ricardo Soto,M,2026-01-29,72.64,Amatitlan,Education
503797,Rene Gomez,M,2026-02-23,446.18,Antigua,Education
503183,Monica Mejia,M,2026-02-05,196.58,Chimaltenango,Services
501868,Gabriela Flores,M,2026-01-30,158.29,Amatitlan,Retail
501741,Oscar Aguilar,M,2026-03-01,121.53,Quetzaltenango,Services
502041,Carlos Molina,F,2026-01-12,213.17,Desconocida,Services
503597,Daniel Ortega,M,2026-02-14,264.67,Chimaltenango,Retail
503980,Jose Herrera,F,2026-02-04,305.01,Escuintla,Services
503566,Monica Hernandez,F,2026-02-01,139.98,Villa Nueva,Education
504335,Paola Ramirez,F,2026-02-10,414.35,Antigua,Food
503824,Karla Dominguez,F,2026-01-18,185.59,Mixco,Services
503391,Laura Vargas,F,2026-01-22,310.67,Amatitlan,Services
503106,Ricardo Castillo,F,2026-01-04,280.74,Mixco,Services
502427,Pablo Mendez,F,2026-01-08,404.14,Mixco,Education
504269,Jose Diaz,M,2026-01-22,251.8,Mixco,Education
500466,Miguel Aguilar,M,2026-01-25,251.8,Antigua,Retail
501965,Elena  Morales,F,2026-02-15,288.24,Mixco,Education
500619,Fernando Soto,F,2026-01-29,386.71,Guatemala,Retail
502577,Carlos Perez,F,2026-01-09,455.29,Villa Nueva,Retail
501167,Gustavo  Mazariegos,M,2026-01-18,251.8,Quetzaltenango,Retail
500723,Daniel Lima,F,2026-02-05,195.76,Escuintla,Food
502339,Miguel Nunez,F,2026-01-11,37.39,Desconocida,Education
502795,Andrea  Castillo,F,2026-02-01,14.23,Mixco,Services
503573,Hector Reyes,F,2026-01-30,241.35,Chimaltenango,Retail
501836,Carmen Reyes,M,2026-01-05,371.84,Escuintla,Food
502388,Paola Cruz,F,2026-01-21,249.88,Amatitlan,Retail
504436,Pablo  Morales,M,2026-02-15,475.04,Mixco,Education
503351,Fernando Reyes,F,2026-01-18,62.95,Amatitlan,Services
500541,Daniel Mejia,F,2026-01-20,131.27,Escuintla,Services
504696,Valeria  Vargas,F,2026-02-28,251.8,Escuintla,Retail
504785,Sofia Reyes,M,2026-02-18,86.89,Quetzaltenango,Retail
502761,Monica Lopez,F,2026-02-14,216.59,Guatemala,Education
501810,Daniel Hernandez,F,2026-01-13,83.25,Villa Nueva,Education
503052,Hector Alvarez,M,2026-02-21,492.81,Chimaltenango,Services
504862,Jose Mendez,M,2026-01-07,437.64,Guatemala,Education
501499,Patricia Mazariegos,F,2026-01-12,230.43,Amatitlan,Retail
503037,Carmen  Ortega,F,2026-02-07,36.53,Escuintla,Food
503040,Juan  Paz,M,2026-01-24,222.32,Chimaltenango,Services
500526,Juan Fuentes,F,2026-01-27,455.69,Escuintla,Retail
504658,Laura Rojas,M,2026-01-13,103.48,Guatemala,Services
502736,Ana Soto,F,2026-02-16,53.88,Guatemala,Food
501330,Paola Lima,F,2026-01-21,66.35,Amatitlan,Services
502519,Fernando Paz,M,2026-01-01,76.77,Villa Nueva,Food
504882,Pablo  Reyes,M,2026-02-20,457.65,Escuintla,Services
502207,Gabriela Gomez,F,2026-01-18,432.6,Antigua,Food
501861,Karla Molina,F,2026-01-14,59.51,Villa Nueva,Retail
500461,Laura Hernandez,F,2026-01-06,56.87,Guatemala,Retail
501458,Miguel  Diaz,M,2026-01-13,146.28,Chimaltenango,Food
504261,Miguel Herrera,F,2026-02-18,251.8,Desconocida,Services
500417,Hector Dominguez,F,2026-01-12,26.1,Escuintla,Services
504704,Patricia Mendez,M,2026-01-28,174.43,Amatitlan,Education
501574,Sofia Ruiz,M,2026-01-06,25.27,Quetzaltenango,Food
503402,Jose Mazariegos,M,2026-02-19,251.8,Mixco,Services
503807,Oscar Hernandez,M,2026-02-03,147.01,Amatitlan,Services
501814,Maria  Torres,M,2026-02-04,489.06,Mixco,Education
503857,Carmen Alvarez,F,2026-02-18,54.16,Villa Nueva,Services
504413,Ricardo Molina,F,2026-02-06,133.33,Quetzaltenango,Retail
502091,Daniel Vargas,F,2026-01-26,453.06,Chimaltenango,Food
500095,Carmen Lopez,F,2026-02-23,105.14,Antigua,Education
504433,Valeria Diaz,M,2026-02-26,52.97,Antigua,Services
503568,Andrea Molina,F,2026-02-19,223.98,Quetzaltenango,Services
501386,Jose Vargas,F,2026-01-17,250.8,Villa Nueva,Food
504312,Daniel Torres,M,2026-01-23,414.64,Desconocida,Food
503218,Fernando Hernandez,M,2026-02-19,285.64,Guatemala,Education
502775,Miguel Diaz,M,2026-02-20,101.29,Guatemala,Services
501754,Juan  Alvarez,M,2026-01-14,487.27,Chimaltenango,Food
502662,Hector Flores,M,2026-01-14,32.05,Chimaltenango,Retail
501212,Elena Reyes,F,2026-01-10,342.9,Amatitlan,Services
501796,Juan Torres,M,2026-01-10,175.11,Chimaltenango,Food
500950,Patricia  Nunez,F,2026-02-14,215.13,Quetzaltenango,Food
503549,Gabriela Paz,M,2026-02-02,321.39,Mixco,Education
500268,Ricardo Solis,M,2026-02-03,256.8,Antigua,Services
504615,Monica  Castillo,F,2026-01-10,138.34,Villa Nueva,Retail
503099,Diana Lima,M,2026-02-15,349.97,Mixco,Food
500114,Hector Solis,M,2026-01-19,266.77,Villa Nueva,Food
503701,Kevin Ramirez,F,2026-02-11,101.72,Mixco,Retail
502785,Oscar Aguilar,F,2026-01-14,180.48,Antigua,Education
500865,Gustavo Molina,M,2026-02-24,319.93,Villa Nueva,Food
502998,Pablo Ramirez,M,2026-02-21,195.91,Chimaltenango,Services
500808,Sofia  Paz,F,2026-01-21,284.3,Chimaltenango,Education
503994,Carmen Vargas,M,2026-02-04,251.8,Quetzaltenango,Education
504463,Pablo Torres,F,2026-02-18,471.13,Quetzaltenango,Retail
500514,Sofia Gomez,M,2026-01-10,251.8,Guatemala,Retail
502167,Isabel Mejia,F,2026-02-20,444.83,Villa Nueva,Retail
503604,Juan Torres,M,2026-02-04,196.47,Villa Nueva,Services
503720,Maria Mejia,F,2026-02-04,476.96,Quetzaltenango,Food
501639,Carmen Mejia,M,2026-02-10,124.04,Quetzaltenango,Education
503662,Gustavo Mazariegos,M,2026-02-04,291.34,Guatemala,Education
503868,Valeria Nunez,M,2026-01-06,161.5,Mixco,Services
500842,Laura Ruiz,F,2026-02-07,31.45,Quetzaltenango,Retail
501413,Oscar Rojas,M,2026-01-05,404.05,Quetzaltenango,Education
501895,Ricardo Alvarez,F,2026-02-08,398.32,Quetzaltenango,Services
502632,Paola Castillo,F,2026-01-01,352.92,Quetzaltenango,Services
502243,Isabel Gomez,F,2026-01-02,251.8,Mixco,Education
504572,Isabel Castillo,M,2026-02-15,429.44,Amatitlan,Education
501434,Isabel Herrera,F,2026-02-23,320.74,Chimaltenango,Services
500607,Juan Nunez,M,2026-01-02,127.58,Chimaltenango,Retail
501521,Juan Herrera,M,2026-02-22,23.82,Villa Nueva,Services
504471,Andrea Ramirez,F,2026-01-10,257.55,Antigua,Food
504714,Gabriela  Diaz,M,2026-02-13,323.01,Antigua,Food
502528,Paola Morales,M,2026-02-10,391.09,Villa Nueva,Retail
501657,Gabriela Mejia,M,2026-01-02,52.19,Quetzaltenango,Food
503233,Paola Reyes,M,2026-01-09,234.78,Chimaltenango,Education
502396,Fernando Mazariegos,M,2026-01-24,3.57,Mixco,Food
501011,Ricardo Ruiz,M,2026-01-19,341.25,Amatitlan,Retail
501672,Maria Alvarez,F,2026-01-01,252.82,Villa Nueva,Services
502927,Andrea Fuentes,M,2026-02-01,86.86,Antigua,Food
502478,Patricia  Mendez,F,2026-03-01,251.8,Escuintla,Retail
502829,Luis Castillo,F,2026-02-23,309.57,Amatitlan,Retail
503046,Isabel Ortega,M,2026-01-27,322.38,Guatemala,Education
500003,Hector Ramirez,F,2026-02-17,435.67,Antigua,Food
504854,Andrea Cruz,M,2026-01-04,255.39,Quetzaltenango,Food
500298,Luis Fuentes,F,2026-02-17,22.61,Antigua,Services
502518,Maria  Ruiz,F,2026-01-02,90.87,Villa Nueva,Retail
504425,Kevin  Gomez,F,2026-01-06,234.76,Escuintla,Services
500975,Maria Diaz,F,2026-01-02,208.5,Guatemala,Food
500560,Daniel Mendez,M,2026-01-30,222.54,Quetzaltenango,Services
501660,Andrea Gomez,F,2026-02-10,130.44,Antigua,Food
500516,Elena Molina,M,2026-02-04,137.56,Quetzaltenango,Food
503500,Oscar Molina,M,2026-01-10,195.48,Mixco,Education
502838,Carmen Mazariegos,F,2026-02-24,98.88,Mixco,Services
503482,Paola Rojas,M,2026-02-18,270.38,Antigua,Education
503741,Carlos Dominguez,F,2026-02-05,100.68,Quetzaltenango,Food
501216,Monica Diaz,F,2026-01-13,18.88,Mixco,Retail
500251,Gustavo  Ortega,F,2026-01-30,349.7,Escuintla,Education
504065,Andrea Paz,F,2026-02-14,201.0,Mixco,Food
501682,Laura Nunez,M,2026-02-01,392.63,Mixco,Education
502296,Valeria Nunez,M,2026-02-09,16.28,Villa Nueva,Food
500296,Oscar Fuentes,M,2026-01-17,103.33,Escuintla,Education
503667,Jose Ruiz,F,2026-02-17,432.66,Quetzaltenango,Retail
502371,Diana  Ramirez,F,2026-01-31,293.43,Escuintla,Education
503290,Ricardo Torres,F,2026-01-27,293.16,Mixco,Retail
503664,Pedro Hernandez,M,2026-01-21,458.23,Guatemala,Retail
500924,Monica  Reyes,F,2026-02-23,230.99,Amatitlan,Food
500708,Gustavo Perez,F,2026-01-31,251.8,Antigua,Education
503596,Valeria  Mazariegos,F,2026-01-21,87.61,Antigua,Food
504737,Sofia Dominguez,M,2026-02-22,211.21,Villa Nueva,Food
501570,Jose  Solis,M,2026-01-21,251.8,Villa Nueva,Education
501150,Fernando Solis,F,2026-01-16,129.36,Desconocida,Retail
503876,Juan Ruiz,M,2026-01-28,469.81,Chimaltenango,Services
502784,Gabriela Diaz,M,2026-02-22,22.15,Escuintla,Food
504131,Pablo Soto,M,2026-02-18,295.17,Escuintla,Food
502122,Ricardo Molina,F,2026-02-13,146.44,Mixco,Food
500938,Maria Paz,F,2026-01-10,251.8,Amatitlan,Retail
501240,Karla Flores,M,2026-01-13,330.24,Villa Nueva,Retail
500833,Monica Flores,M,2026-01-03,63.89,Villa Nueva,Services
502141,Daniel Gomez,F,2026-02-10,350.88,Antigua,Food
500232,Luis  Rojas,M,2026-01-10,82.48,Villa Nueva,Education
501721,Luis Soto,F,2026-02-15,87.41,Mixco,Food
501880,Jose Solis,M,2026-02-26,141.79,Antigua,Services
503927,Pedro Molina,F,2026-01-11,349.88,Quetzaltenango,Food
500385,Rene Ortega,F,2026-01-16,251.8,Escuintla,Services
503044,Pedro Morales,F,2026-02-17,158.8,Antigua,Education
503012,Juan Cruz,F,2026-02-17,3.5,Desconocida,Education
502465,Sofia Reyes,M,2026-02-21,70.94,Guatemala,Food
501381,Ana Gomez,F,2026-03-01,38.42,Villa Nueva,Food
502779,Maria Solis,M,2026-01-23,45.11,Guatemala,Services
502479,Laura  Vargas,M,2026-02-15,387.15,Quetzaltenango,Services
503954,Juan Lima,F,2026-02-16,263.96,Escuintla,Services
502176,Karla Vargas,F,2026-02-06,97.23,Desconocida,Food
500960,Pedro  Diaz,M,2026-01-18,247.7,Antigua,Food
503718,Elena Rojas,F,2026-01-28,458.23,Villa Nueva,Education
501706,Sofia Mendez,M,2026-02-07,163.33,Desconocida,Retail
502511,Ana  Torres,M,2026-01-25,157.47,Villa Nueva,Services
501602,Ana  Mendez,M,2026-01-02,222.69,Guatemala,Services
500460,Daniel Dominguez,M,2026-02-22,335.98,Escuintla,Retail
501618,Carmen Hernandez,M,2026-01-29,409.24,Guatemala,Services
503365,Pablo Gomez,F,2026-01-23,65.39,Mixco,Food
503895,Jose Alvarez,F,2026-01-28,376.35,Amatitlan,Retail
503471,Gabriela Ramirez,F,2026-01-06,364.6,Chimaltenango,Food
504581,Patricia Gomez,F,2026-02-23,356.92,Mixco,Services
504372,Diana Gomez,F,2026-02-20,432.42,Antigua,Education
502600,Fernando Mejia,F,2026-01-05,320.08,Mixco,Retail
502622,Karla  Vargas,M,2026-02-10,182.77,Villa Nueva,Education
502367,Karla Cruz,F,2026-01-30,455.89,Chimaltenango,Food
503248,Gustavo Mejia,M,2026-02-04,289.94,Villa Nueva,Services
503677,Isabel Fuentes,F,2026-02-22,363.15,Villa Nueva,Retail
504578,Elena Morales,F,2026-02-27,428.76,Escuintla,Services
503501,Gustavo Gomez,F,2026-02-28,373.53,Villa Nueva,Food
500918,Ana Morales,M,2026-01-16,430.2,Villa Nueva,Education
502726,Andrea Morales,F,2026-02-26,211.53,Mixco,Retail
503304,Pablo Hernandez,F,2026-01-05,207.58,Amatitlan,Education
501287,Kevin Torres,F,2026-01-08,124.74,Chimaltenango,Services
504698,Ana Flores,F,2026-02-13,251.8,Escuintla,Education
503253,Karla Ramirez,M,2026-01-10,368.76,Desconocida,Education
504085,Paola Mazariegos,M,2026-02-17,364.99,Villa Nueva,Services
501221,Oscar Ruiz,M,2026-02-05,126.41,Mixco,Food
502557,Maria Mejia,F,2026-01-30,305.01,Villa Nueva,Food
503403,Isabel Vargas,M,2026-01-13,1.36,Antigua,Retail
500240,Carlos Vargas,F,2026-01-14,156.17,Escuintla,Services
500555,Jose Fuentes,M,2026-02-12,422.89,Quetzaltenango,Services
501945,Diana Paz,F,2026-01-08,77.75,Mixco,Education
503522,Pablo Ortega,F,2026-02-11,492.99,Desconocida,Education
501333,Juan Lima,M,2026-01-07,397.0,Mixco,Food
502026,Sofia Ortega,M,2026-03-01,18.97,Guatemala,Food
504662,Elena  Mendez,F,2026-02-04,95.22,Mixco,Food
503982,Laura Ramirez,M,2026-01-11,251.8,Chimaltenango,Food
502850,Diana Mazariegos,F,2026-03-01,175.64,Mixco,Food
503308,Pedro Ruiz,M,2026-02-09,393.39,Escuintla,Services
503285,Karla Castillo,F,2026-01-21,251.8,Guatemala,Food
503620,Ana Lima,F,2026-01-13,3.62,Villa Nueva,Education
504551,Miguel Aguilar,F,2026-02-12,179.11,Antigua,Services
502824,Valeria Perez,M,2026-01-18,405.06,Antigua,Retail
500045,Oscar Mendez,M,2026-01-19,372.29,Villa Nueva,Education
503721,Fernando Soto,M,2026-02-13,307.08,Antigua,Retail
501486,Maria Paz,F,2026-01-11,376.27,Amatitlan,Retail
504117,Monica Mendez,M,2026-02-08,186.54,Desconocida,Services
501332,Fernando Fuentes,M,2026-02-12,78.91,Antigua,Education
504872,Ana Vargas,M,2026-01-30,51.65,Chimaltenango,Education
504106,Carmen Morales,F,2026-02-16,251.8,Chimaltenango,Food
500615,Fernando Ramirez,M,2026-01-06,488.54,Quetzaltenango,Services
500119,Kevin Perez,F,2026-02-16,2.96,Amatitlan,Food
504504,Valeria Fuentes,F,2026-01-17,194.68,Mixco,Food
500994,Patricia Lima,F,2026-01-15,42.43,Chimaltenango,Education
502168,Maria Vargas,F,2026-01-24,248.72,Antigua,Education
503600,Carlos Molina,F,2026-01-23,197.59,Antigua,Services
501538,Oscar Mazariegos,F,2026-02-04,200.28,Amatitlan,Food
500919,Oscar Ruiz,M,2026-01-20,251.8,Villa Nueva,Food
500436,Fernando Morales,F,2026-01-28,488.36,Mixco,Education
502482,Laura Ruiz,M,2026-01-26,262.44,Escuintla,Food
501270,Luis Hernandez,M,2026-02-03,192.64,Mixco,Food
502873,Pablo Mendez,M,2026-01-10,94.95,Guatemala,Retail
504429,Laura Lopez,M,2026-01-06,422.74,Amatitlan,Food
501904,Patricia Ramirez,F,2026-02-20,251.8,Mixco,Food
504544,Sofia Ramirez,M,2026-01-28,326.53,Antigua,Services
502105,Juan Gomez,M,2026-02-19,250.28,Mixco,Retail
500097,Andrea Mejia,F,2026-01-19,450.99,Antigua,Education
503112,Juan Mejia,F,2026-01-17,268.57,Chimaltenango,Retail
503840,Jose Soto,F,2026-02-10,460.84,Antigua,Services
500161,Pedro Hernandez,M,2026-01-29,455.5,Villa Nueva,Education
503442,Monica Flores,F,2026-01-17,416.79,Quetzaltenango,Retail
504395,Jose  Dominguez,F,2026-01-23,251.8,Amatitlan,Education
504040,Paola Dominguez,F,2026-01-04,221.93,Mixco,Retail
501584,Pedro Ortega,M,2026-02-10,99.85,Chimaltenango,Food
502071,Jose Alvarez,M,2026-02-13,372.18,Villa Nueva,Food
501463,Isabel Vargas,F,2026-02-09,65.42,Mixco,Food
501845,Juan Aguilar,M,2026-03-01,286.88,Chimaltenango,Services
503693,Carlos  Rojas,F,2026-01-08,143.13,Desconocida,Food
502921,Monica Reyes,F,2026-01-20,253.88,Chimaltenango,Food
502558,Rene  Cruz,M,2026-01-30,153.28,Quetzaltenango,Education
502297,Monica Ramirez,M,2026-01-30,251.8,Antigua,Retail
503557,Pedro  Hernandez,M,2026-02-15,23.93,Amatitlan,Education
504366,Pedro  Reyes,F,2026-01-20,261.94,Escuintla,Education
503036,Sofia Mejia,F,2026-02-18,43.34,Chimaltenango,Retail
500782,Ricardo Vargas,F,2026-01-11,251.8,Chimaltenango,Food
504800,Gustavo Perez,F,2026-02-03,107.19,Guatemala,Services
502181,Jose Lima,M,2026-01-11,128.52,Villa Nueva,Education
501794,Karla Cruz,M,2026-01-03,150.8,Quetzaltenango,Food
504206,Monica Fuentes,M,2026-02-10,443.7,Chimaltenango,Retail
500272,Pedro Herrera,F,2026-02-24,430.61,Guatemala,Retail
501195,Daniel Nunez,F,2026-02-19,336.73,Guatemala,Education
504830,Rene Herrera,F,2026-01-11,174.79,Mixco,Services
502844,Andrea  Gomez,F,2026-02-05,233.74,Desconocida,Education
501801,Laura Mejia,F,2026-01-02,24.0,Antigua,Services
502690,Daniel Morales,F,2026-02-09,477.56,Villa Nueva,Services
504066,Fernando Ruiz,F,2026-01-12,52.29,Guatemala,Education
500835,Ana Mendez,F,2026-02-05,251.8,Amatitlan,Education
503476,Gabriela Mendez,M,2026-01-12,126.56,Mixco,Education
500591,Juan Herrera,F,2026-02-26,206.47,Antigua,Food
504517,Sofia Molina,F,2026-01-27,251.8,Mixco,Food
504357,Carmen Solis,F,2026-01-29,422.02,Quetzaltenango,Services
503543,Monica Ortega,F,2026-02-07,251.8,Escuintla,Services
500060,Gabriela Morales,F,2026-01-08,161.91,Escuintla,Retail
500609,Maria Alvarez,F,2026-02-16,178.42,Guatemala,Retail
503559,Ana Lima,M,2026-01-09,311.96,Guatemala,Food
501812,Andrea Dominguez,F,2026-01-17,387.21,Amatitlan,Food
504445,Pedro Mazariegos,F,2026-01-08,448.31,Quetzaltenango,Retail
503173,Daniel Ruiz,F,2026-02-14,92.61,Quetzaltenango,Food
500505,Elena Flores,M,2026-01-21,335.96,Villa Nueva,Education
503433,Pablo Cruz,M,2026-02-25,321.85,Escuintla,Services
503413,Daniel Vargas,M,2026-02-20,251.8,Guatemala,Food
501027,Hector Diaz,M,2026-01-30,182.05,Mixco,Services
502306,Pablo Morales,M,2026-01-24,56.09,Escuintla,Education
502782,Patricia  Vargas,F,2026-01-18,76.74,Antigua,Education
502800,Kevin Perez,F,2026-02-05,288.93,Mixco,Services
500266,Fernando Cruz,M,2026-01-06,403.02,Guatemala,Services
502809,Valeria Hernandez,F,2026-02-06,348.63,Chimaltenango,Education
500954,Miguel Nunez,F,2026-01-23,378.48,Desconocida,Services
504586,Diana Ortega,M,2026-01-08,125.1,Quetzaltenango,Education
502655,Rene Lopez,M,2026-01-31,482.61,Villa Nueva,Retail
502208,Monica Mazariegos,F,2026-02-10,81.65,Antigua,Services
500679,Miguel Cruz,M,2026-02-15,71.3,Villa Nueva,Services
504619,Ana  Flores,F,2026-01-31,58.42,Antigua,Food
504475,Jose Vargas,F,2026-01-29,248.91,Antigua,Food
502799,Ana Cruz,M,2026-02-20,221.38,Mixco,Food
502323,Luis Lopez,F,2026-02-04,117.34,Quetzaltenango,Food
502869,Patricia Paz,F,2026-02-08,188.69,Desconocida,Retail
501736,Carmen Perez,M,2026-02-15,457.77,Escuintla,Services
503551,Carmen Nunez,M,2026-02-14,251.8,Mixco,Education
500233,Ricardo Mejia,M,2026-01-01,306.01,Chimaltenango,Food
501886,Diana Perez,F,2026-01-30,418.29,Antigua,Food
502000,Carlos Hernandez,F,2026-01-27,333.03,Mixco,Education
504053,Juan Gomez,F,2026-02-02,393.19,Desconocida,Education
504611,Patricia Nunez,F,2026-02-26,54.43,Villa Nueva,Education
501816,Valeria Paz,F,2026-02-18,479.28,Guatemala,Education
503631,Hector Vargas,M,2026-01-31,258.61,Chimaltenango,Food
500288,Daniel Gomez,M,2026-02-18,96.99,Villa Nueva,Services
501985,Kevin Soto,F,2026-01-02,251.8,Guatemala,Education
503736,Luis Vargas,F,2026-02-19,116.78,Quetzaltenango,Food
501546,Gabriela Morales,F,2026-01-17,76.91,Quetzaltenango,Services
502667,Daniel Castillo,F,2026-01-09,471.3,Chimaltenango,Services
504034,Gabriela Gomez,M,2026-01-16,23.54,Guatemala,Retail
500881,Valeria Solis,F,2026-02-22,275.54,Escuintla,Food
504153,Pedro Mejia,F,2026-01-06,448.14,Villa Nueva,Education
503821,Laura Perez,F,2026-03-01,251.8,Amatitlan,Services
501610,Isabel Castillo,M,2026-01-14,192.44,Amatitlan,Food
500728,Oscar Vargas,F,2026-02-19,42.11,Antigua,Food
503692,Hector Ramirez,M,2026-02-17,170.88,Quetzaltenango,Retail
501591,Gustavo Ramirez,F,2026-01-09,368.5,Quetzaltenango,Education
502085,Diana Alvarez,M,2026-02-27,272.45,Villa Nueva,Retail
503155,Pablo Solis,M,2026-02-01,79.13,Antigua,Retail
500823,Andrea Reyes,M,2026-01-28,336.34,Chimaltenango,Services
501993,Daniel  Fuentes,M,2026-01-24,258.93,Mixco,Food
503200,Rene Morales,M,2026-02-07,259.63,Chimaltenango,Services
502893,Gabriela Lima,M,2026-01-25,61.6,Mixco,Services
500202,Carlos Gomez,F,2026-01-09,249.42,Mixco,Services
502079,Daniel  Lima,F,2026-02-05,251.8,Mixco,Retail
501561,Hector Diaz,M,2026-01-15,427.49,Villa Nueva,Food
500904,Pedro Soto,M,2026-01-27,442.2,Quetzaltenango,Food
501476,Andrea Diaz,M,2026-02-04,5.32,Amatitlan,Education
503860,Gustavo  Reyes,M,2026-02-28,289.84,Escuintla,Food
503694,Maria Rojas,F,2026-01-25,336.89,Guatemala,Food
501613,Jose Perez,F,2026-02-23,422.99,Mixco,Services
503469,Juan  Dominguez,F,2026-01-14,233.21,Antigua,Services
503520,Carlos Lopez,M,2026-02-23,116.17,Escuintla,Education
503324,Gabriela Molina,F,2026-02-12,452.93,Chimaltenango,Retail
502976,Gustavo Diaz,F,2026-02-09,227.3,Guatemala,Retail
501600,Ricardo Molina,M,2026-01-28,281.53,Mixco,Food
503725,Daniel Dominguez,F,2026-02-02,272.32,Escuintla,Education
502648,Patricia Gomez,M,2026-01-09,132.96,Guatemala,Services
501389,Laura Alvarez,M,2026-01-12,154.13,Desconocida,Retail
501887,Paola Gomez,F,2026-01-27,148.75,Amatitlan,Education
500423,Paola Ramirez,F,2026-01-08,238.73,Chimaltenango,Food
504299,Diana Cruz,F,2026-02-05,344.73,Quetzaltenango,Services
500683,Ana Flores,M,2026-01-01,454.4,Desconocida,Education
504828,Daniel Ortega,M,2026-01-18,378.17,Guatemala,Services
504322,Gabriela Mendez,M,2026-02-22,279.56,Villa Nueva,Retail
501325,Fernando Gomez,F,2026-02-15,338.56,Chimaltenango,Food
504340,Luis Reyes,M,2026-02-26,115.43,Amatitlan,Education
500820,Diana  Paz,M,2026-01-24,78.11,Guatemala,Education
500613,Ana Mendez,F,2026-02-01,58.14,Villa Nueva,Education
504099,Carmen Castillo,M,2026-01-17,189.67,Villa Nueva,Services
501800,Ricardo Mendez,F,2026-01-02,161.59,Villa Nueva,Retail
503638,Andrea Rojas,M,2026-01-11,245.92,Guatemala,Food
503201,Andrea Gomez,F,2026-02-17,484.6,Amatitlan,Food
504456,Diana Rojas,M,2026-02-22,414.06,Antigua,Education
502579,Gabriela Rojas,M,2026-02-03,132.36,Guatemala,Retail
504050,Laura Morales,F,2026-01-03,133.63,Amatitlan,Food
503639,Rene Hernandez,F,2026-02-14,251.8,Villa Nueva,Food
504048,Gustavo Aguilar,F,2026-01-03,133.34,Guatemala,Food
500374,Paola Lopez,M,2026-02-14,6.64,Antigua,Retail
502650,Elena Ruiz,F,2026-02-03,145.96,Guatemala,Retail
501176,Diana Solis,M,2026-02-17,7.25,Antigua,Food
502024,Paola Solis,M,2026-02-06,232.2,Quetzaltenango,Education
500227,Gabriela  Paz,M,2026-02-07,401.9,Villa Nueva,Retail
504623,Monica Flores,M,2026-02-03,35.4,Escuintla,Retail
504807,Diana Dominguez,M,2026-01-24,144.07,Guatemala,Retail
502247,Patricia Aguilar,F,2026-01-05,234.23,Quetzaltenango,Retail
501012,Luis Dominguez,M,2026-02-24,335.32,Guatemala,Services
504488,Diana Mendez,M,2026-02-10,351.42,Antigua,Services
501249,Oscar  Ruiz,F,2026-02-28,104.82,Escuintla,Retail
504845,Paola Cruz,M,2026-01-01,114.84,Chimaltenango,Retail
501338,Juan Mazariegos,F,2026-01-07,41.45,Chimaltenango,Services
501029,Gabriela Perez,M,2026-01-02,244.32,Quetzaltenango,Education
504884,Monica Mendez,F,2026-01-17,94.23,Antigua,Education
504134,Maria Paz,F,2026-02-23,334.39,Amatitlan,Retail
503755,Jose Vargas,F,2026-01-29,259.19,Quetzaltenango,Services
500185,Daniel Rojas,M,2026-01-19,251.8,Mixco,Food
504817,Monica Mazariegos,F,2026-02-18,115.26,Villa Nueva,Education
500230,Miguel Nunez,M,2026-02-08,155.38,Quetzaltenango,Education
502215,Daniel Gomez,M,2026-02-21,225.78,Amatitlan,Services
500690,Carmen Mendez,F,2026-02-26,44.71,Chimaltenango,Food
501272,Pedro Soto,M,2026-02-28,390.1,Escuintla,Retail
502745,Carlos  Morales,M,2026-01-10,118.49,Guatemala,Retail
501781,Gustavo Flores,M,2026-02-27,106.52,Guatemala,Retail
504479,Juan Morales,M,2026-02-26,467.33,Chimaltenango,Food
501970,Laura Castillo,F,2026-02-11,178.39,Mixco,Retail
501839,Ana Torres,F,2026-01-25,489.11,Chimaltenango,Food
500127,Rene Castillo,F,2026-01-26,462.14,Villa Nueva,Education
504074,Fernando Mejia,F,2026-01-25,225.11,Quetzaltenango,Food
502038,Karla Mejia,M,2026-01-28,315.18,Escuintla,Retail
503305,Juan Diaz,M,2026-03-01,207.38,Mixco,Retail
503952,Oscar Torres,M,2026-02-16,155.51,Guatemala,Services
504720,Jose Perez,F,2026-01-18,68.15,Chimaltenango,Food
502237,Hector Soto,M,2026-02-20,475.58,Desconocida,Retail
500404,Diana Ruiz,M,2026-01-06,300.95,Amatitlan,Retail
501653,Diana Perez,M,2026-01-30,207.13,Guatemala,Retail
502194,Ana Gomez,M,2026-01-15,121.0,Mixco,Food
501504,Isabel Lima,F,2026-01-26,253.11,Escuintla,Education
503396,Carlos Ortega,F,2026-01-01,88.92,Villa Nueva,Education
503388,Oscar  Mazariegos,F,2026-01-20,272.51,Villa Nueva,Services
500153,Gustavo Ramirez,F,2026-02-09,243.53,Guatemala,Education
500816,Ana Rojas,F,2026-02-26,251.8,Chimaltenango,Education
502958,Daniel Aguilar,F,2026-01-18,244.06,Guatemala,Retail
500893,Patricia Mejia,M,2026-02-16,110.03,Mixco,Education
502009,Gustavo Hernandez,M,2026-02-07,153.34,Villa Nueva,Education
501094,Valeria  Vargas,F,2026-02-22,132.26,Guatemala,Services
503235,Jose  Nunez,M,2026-02-20,206.04,Amatitlan,Services
500735,Isabel Alvarez,F,2026-01-29,262.88,Guatemala,Education
503420,Laura Lopez,F,2026-01-27,325.4,Escuintla,Food
503726,Pedro  Ortega,M,2026-01-15,497.87,Mixco,Retail
500927,Andrea Diaz,M,2026-01-20,413.74,Chimaltenango,Services
501558,Ricardo Rojas,F,2026-01-14,484.77,Mixco,Services
500843,Pablo Lopez,M,2026-01-29,25.43,Guatemala,Education
502415,Rene Molina,F,2026-02-19,386.24,Escuintla,Education
501533,Carmen Ruiz,F,2026-01-24,245.4,Quetzaltenango,Retail
503690,Oscar Nunez,M,2026-02-03,486.5,Amatitlan,Services
502119,Pablo  Rojas,F,2026-01-15,25.62,Antigua,Food
504477,Hector  Ortega,M,2026-01-25,413.31,Mixco,Education
503067,Monica Vargas,F,2026-01-07,48.32,Escuintla,Education
501033,Jose Perez,M,2026-02-20,190.93,Amatitlan,Education
502065,Valeria Flores,M,2026-02-18,1.73,Desconocida,Retail
501134,Ana Soto,F,2026-02-03,95.61,Amatitlan,Food
504285,Diana Morales,F,2026-01-08,251.8,Antigua,Education
504306,Patricia Nunez,F,2026-03-01,74.06,Mixco,Education
500707,Ricardo Paz,F,2026-02-10,251.8,Antigua,Retail
500721,Monica Ramirez,F,2026-01-14,135.15,Guatemala,Services
504835,Oscar Lopez,F,2026-02-05,133.91,Mixco,Food
501375,Laura Fuentes,F,2026-02-04,405.63,Amatitlan,Retail
504627,Oscar Dominguez,M,2026-02-17,256.61,Quetzaltenango,Retail
504432,Rene Diaz,F,2026-01-20,454.07,Escuintla,Services
501535,Elena Dominguez,M,2026-02-07,61.69,Antigua,Food
503831,Rene Lopez,F,2026-03-01,48.01,Escuintla,Education
502042,Gabriela Torres,M,2026-01-24,181.21,Guatemala,Food
502442,Maria Lopez,M,2026-02-11,141.17,Amatitlan,Food
503136,Jose Herrera,F,2026-02-25,45.28,Villa Nueva,Education
503379,Valeria Flores,M,2026-02-17,173.39,Mixco,Services
502336,Juan Herrera,F,2026-01-15,438.03,Escuintla,Education
500826,Gabriela Flores,M,2026-01-24,338.92,Antigua,Education
500222,Luis Lima,M,2026-01-15,249.06,Mixco,Services
502763,Fernando Gomez,M,2026-01-02,139.62,Chimaltenango,Retail
501438,Daniel Herrera,F,2026-02-18,149.9,Mixco,Services
504502,Patricia Diaz,M,2026-02-27,136.75,Amatitlan,Retail
501154,Carmen Herrera,M,2026-02-14,134.91,Quetzaltenango,Retail
503095,Elena Lima,M,2026-01-21,476.82,Quetzaltenango,Food
503744,Isabel Nunez,F,2026-01-03,496.88,Quetzaltenango,Food
502121,Jose Vargas,F,2026-02-02,278.76,Antigua,Services
504703,Karla Diaz,F,2026-02-10,134.16,Mixco,Education
502363,Andrea Reyes,F,2026-02-26,492.78,Escuintla,Services
502404,Patricia Ramirez,F,2026-01-06,348.4,Quetzaltenango,Education
504646,Rene Castillo,M,2026-02-22,483.17,Villa Nueva,Education
504708,Daniel Herrera,F,2026-01-08,251.8,Villa Nueva,Food
504064,Carmen Flores,M,2026-02-13,98.28,Antigua,Services
501623,Rene Paz,M,2026-02-01,427.28,Antigua,Food
503640,Gabriela Nunez,F,2026-01-18,35.42,Antigua,Services
501740,Karla Paz,M,2026-01-26,156.23,Amatitlan,Services
501135,Jose Solis,F,2026-01-11,251.8,Guatemala,Food
503311,Carmen Ramirez,M,2026-02-01,454.96,Mixco,Retail
504102,Miguel Rojas,F,2026-02-28,403.72,Amatitlan,Retail
502621,Gabriela Alvarez,F,2026-01-29,155.3,Mixco,Retail
502974,Monica Solis,F,2026-02-14,352.09,Antigua,Food
500903,Kevin Flores,F,2026-02-03,244.82,Amatitlan,Services
500491,Luis Herrera,F,2026-02-21,53.35,Mixco,Food
501383,Karla Herrera,F,2026-01-17,442.61,Amatitlan,Retail
502716,Carlos Rojas,M,2026-01-07,180.22,Chimaltenango,Education
503632,Gustavo Ramirez,F,2026-01-29,56.03,Amatitlan,Retail
500067,Carlos Rojas,F,2026-02-28,135.16,Escuintla,Food
501510,Laura Lopez,F,2026-01-07,115.11,Mixco,Education
500392,Isabel Alvarez,F,2026-02-18,396.81,Desconocida,Education
502855,Ricardo  Castillo,F,2026-02-08,314.89,Antigua,Education
501728,Pedro Nunez,F,2026-02-25,247.12,Guatemala,Food
501364,Ana  Gomez,M,2026-02-13,272.74,Quetzaltenango,Food
504660,Pablo Perez,M,2026-01-19,161.1,Desconocida,Retail
501853,Hector Paz,M,2026-02-07,413.81,Mixco,Education
504047,Ana Castillo,F,2026-02-14,196.09,Escuintla,Education
503364,Pedro Paz,M,2026-01-03,55.44,Guatemala,Retail
504293,Patricia Vargas,M,2026-02-20,361.9,Villa Nueva,Education
504008,Daniel Gomez,F,2026-02-16,50.83,Antigua,Food
501640,Luis Molina,M,2026-01-06,301.03,Quetzaltenango,Retail
504160,Karla Ramirez,F,2026-01-26,307.17,Chimaltenango,Education
502217,Carlos  Mazariegos,M,2026-03-01,494.66,Escuintla,Food
500617,Kevin Reyes,M,2026-02-16,326.08,Quetzaltenango,Services
502353,Carlos  Morales,M,2026-01-02,462.04,Amatitlan,Food
501039,Patricia Alvarez,F,2026-02-27,146.67,Chimaltenango,Services
500030,Hector Dominguez,F,2026-01-09,364.01,Villa Nueva,Education
504154,Patricia Ramirez,M,2026-03-01,251.8,Quetzaltenango,Retail
501689,Juan  Morales,F,2026-02-07,388.76,Antigua,Food
504741,Valeria  Soto,M,2026-01-05,160.59,Quetzaltenango,Services
504073,Gustavo Castillo,F,2026-02-11,351.69,Quetzaltenango,Retail
504500,Laura  Reyes,M,2026-02-03,314.89,Chimaltenango,Retail
500204,Karla Flores,M,2026-01-27,251.8,Villa Nueva,Services
502720,Patricia Ortega,M,2026-01-17,158.29,Escuintla,Retail
503867,Paola  Morales,F,2026-01-26,298.56,Mixco,Services
504313,Rene Mendez,M,2026-02-18,223.83,Antigua,Education
504204,Karla Solis,F,2026-02-19,211.6,Escuintla,Food
501690,Sofia Fuentes,M,2026-01-25,387.24,Amatitlan,Retail
502131,Pablo Lima,M,2026-02-17,255.79,Chimaltenango,Education
504390,Jose Diaz,M,2026-02-01,251.8,Chimaltenango,Education
501496,Laura  Ruiz,M,2026-02-19,427.0,Mixco,Education
502521,Monica Perez,M,2026-01-01,378.81,Escuintla,Food
500116,Carmen Cruz,M,2026-01-20,162.9,Chimaltenango,Retail
503128,Hector Alvarez,F,2026-01-20,319.3,Quetzaltenango,Retail
502279,Maria Gomez,F,2026-02-04,304.89,Escuintla,Services
503058,Kevin Ortega,F,2026-02-06,276.35,Escuintla,Retail
502413,Ricardo Hernandez,F,2026-02-09,322.14,Mixco,Services
503651,Elena Vargas,M,2026-01-18,251.8,Antigua,Food
503098,Jose Torres,M,2026-02-05,153.88,Mixco,Education
503757,Ana Castillo,M,2026-02-06,442.31,Escuintla,Education
501646,Pedro Lima,M,2026-02-01,266.87,Mixco,Services
503015,Gustavo Perez,M,2026-01-27,100.37,Quetzaltenango,Education
504155,Carlos Gomez,F,2026-01-24,366.22,Quetzaltenango,Services
503602,Miguel  Nunez,F,2026-01-12,469.15,Quetzaltenango,Services
501424,Hector Flores,M,2026-02-24,312.26,Villa Nueva,Retail
502100,Juan Molina,F,2026-01-15,269.14,Chimaltenango,Education
501060,Juan Ramirez,M,2026-02-07,497.52,Antigua,Education
501537,Miguel  Mejia,F,2026-02-21,484.38,Villa Nueva,Retail
504642,Miguel Mazariegos,M,2026-02-15,472.47,Chimaltenango,Services
500501,Ricardo  Reyes,F,2026-01-11,251.8,Escuintla,Services
504604,Andrea Fuentes,F,2026-02-24,251.8,Chimaltenango,Services
502598,Karla Solis,M,2026-02-20,184.82,Guatemala,Retail
503190,Luis Solis,F,2026-01-25,26.2,Amatitlan,Food
504303,Diana Mendez,F,2026-02-09,43.37,Mixco,Services
502364,Carlos Rojas,F,2026-01-16,332.14,Chimaltenango,Retail
504592,Andrea Diaz,M,2026-01-04,299.4,Villa Nueva,Services
500014,Laura Flores,M,2026-01-05,264.28,Escuintla,Retail
504605,Diana Gomez,M,2026-01-28,270.71,Amatitlan,Food
502015,Isabel Ruiz,F,2026-02-04,375.14,Escuintla,Food
503722,Rene Morales,F,2026-01-02,497.02,Desconocida,Services
504680,Hector Fuentes,M,2026-01-30,251.8,Quetzaltenango,Education
501522,Monica Ortega,M,2026-01-18,180.55,Amatitlan,Food
502835,Kevin Nunez,F,2026-01-07,391.08,Guatemala,Education
502749,Carlos Flores,F,2026-02-01,391.75,Desconocida,Retail
501722,Isabel Fuentes,M,2026-01-29,117.74,Amatitlan,Retail
504015,Jose Herrera,F,2026-02-10,483.53,Villa Nueva,Retail
500026,Laura Ortega,M,2026-02-09,114.06,Escuintla,Services
503296,Paola Mendez,F,2026-03-01,21.69,Escuintla,Food
502342,Ricardo  Nunez,M,2026-02-08,33.13,Quetzaltenango,Services
501343,Maria Fuentes,F,2026-01-15,198.34,Antigua,Services
503881,Carmen Flores,F,2026-01-22,251.8,Mixco,Food
500937,Paola Alvarez,M,2026-01-08,135.23,Guatemala,Services
501648,Andrea Nunez,M,2026-02-11,431.42,Guatemala,Education
502082,Andrea Torres,F,2026-01-26,292.71,Escuintla,Education
502451,Ana Soto,F,2026-01-17,251.8,Villa Nueva,Services
504499,Oscar Rojas,M,2026-02-12,57.02,Amatitlan,Food
500999,Diana Fuentes,F,2026-02-05,426.63,Desconocida,Food
502773,Paola Torres,M,2026-01-29,152.56,Mixco,Education
502368,Laura Morales,M,2026-02-22,269.84,Chimaltenango,Retail
503097,Isabel Diaz,F,2026-02-10,298.98,Mixco,Food
501684,Fernando Dominguez,F,2026-02-28,368.77,Quetzaltenango,Retail
500191,Pablo Ruiz,F,2026-02-24,293.58,Escuintla,Food
500452,Isabel Mejia,F,2026-02-12,102.45,Amatitlan,Services
504077,Valeria Aguilar,F,2026-01-23,2.78,Antigua,Services
503644,Oscar Lopez,F,2026-02-03,181.04,Escuintla,Services
501559,Patricia  Rojas,F,2026-01-17,348.91,Villa Nueva,Retail
502874,Oscar Nunez,M,2026-01-17,240.53,Villa Nueva,Food
502675,Karla Ortega,F,2026-01-08,258.06,Villa Nueva,Services
504760,Fernando Fuentes,F,2026-01-10,439.91,Desconocida,Services
500077,Diana Aguilar,F,2026-02-03,208.59,Chimaltenango,Food
502471,Patricia Flores,M,2026-02-13,210.98,Antigua,Education
503731,Sofia Morales,F,2026-02-28,416.35,Escuintla,Retail
501670,Karla  Mendez,M,2026-02-03,470.73,Guatemala,Retail
501031,Elena Perez,M,2026-01-27,351.12,Villa Nueva,Food
500798,Pedro Mendez,M,2026-02-23,458.29,Mixco,Retail
501725,Ana Cruz,F,2026-02-12,197.36,Quetzaltenango,Retail
502734,Valeria Mejia,F,2026-02-17,251.8,Quetzaltenango,Services
500051,Maria Perez,M,2026-02-25,239.84,Antigua,Education
501587,Carmen Perez,F,2026-02-15,251.8,Mixco,Education
503809,Fernando  Fuentes,F,2026-01-20,260.49,Antigua,Services
502996,Isabel Alvarez,M,2026-02-24,351.04,Desconocida,Food
503444,Juan Nunez,M,2026-03-01,219.62,Guatemala,Services
501666,Kevin Castillo,M,2026-01-24,481.7,Chimaltenango,Services
504411,Oscar Herrera,F,2026-02-06,352.51,Guatemala,Food
503337,Maria Dominguez,F,2026-02-16,378.58,Antigua,Food
500898,Gustavo  Hernandez,M,2026-02-04,251.8,Mixco,Education
501133,Elena Fuentes,F,2026-02-07,251.8,Guatemala,Education
500775,Ricardo Morales,M,2026-02-19,270.89,Guatemala,Food
501437,Gustavo Solis,M,2026-02-26,204.85,Guatemala,Services
502383,Hector Mejia,M,2026-02-03,223.75,Guatemala,Retail
502490,Karla Lopez,M,2026-02-15,270.72,Guatemala,Retail
501177,Laura Castillo,M,2026-02-13,459.02,Amatitlan,Services
500297,Sofia Diaz,F,2026-01-05,30.99,Guatemala,Retail
502348,Karla Fuentes,M,2026-01-18,482.61,Amatitlan,Services
502033,Jose Morales,M,2026-01-20,19.46,Chimaltenango,Education
501599,Ricardo Rojas,F,2026-02-17,331.69,Chimaltenango,Food
502864,Ricardo Herrera,F,2026-02-02,146.46,Escuintla,Food
500042,Andrea Paz,M,2026-02-28,449.44,Mixco,Education
503432,Paola  Alvarez,F,2026-02-23,152.83,Mixco,Services
502566,Juan Aguilar,F,2026-02-02,397.26,Quetzaltenango,Services
503033,Paola Reyes,F,2026-02-08,293.1,Guatemala,Services
500632,Gustavo Aguilar,M,2026-02-17,251.8,Quetzaltenango,Food
500341,Gustavo Soto,F,2026-01-06,344.69,Escuintla,Food
502550,Ricardo Mendez,M,2026-01-14,190.48,Escuintla,Food
500147,Juan Mazariegos,M,2026-02-11,218.49,Chimaltenango,Food
503341,Maria Ramirez,M,2026-01-28,464.6,Amatitlan,Services
503145,Gustavo Aguilar,F,2026-02-20,424.16,Mixco,Food
503836,Isabel Rojas,F,2026-01-02,134.74,Amatitlan,Retail
502602,Ana Flores,F,2026-02-07,65.85,Mixco,Services
504695,Valeria  Lopez,F,2026-02-13,125.2,Quetzaltenango,Services
502008,Ricardo Ortega,M,2026-02-04,30.53,Amatitlan,Services
502999,Rene Diaz,M,2026-02-21,251.8,Escuintla,Education
502831,Oscar Castillo,M,2026-02-28,447.39,Amatitlan,Education
504679,Daniel Perez,F,2026-01-18,251.8,Guatemala,Food
500207,Carmen Torres,M,2026-02-11,470.45,Antigua,Education
501230,Paola Reyes,M,2026-01-16,75.93,Mixco,Food
500900,Ana Mazariegos,F,2026-02-12,211.5,Antigua,Education
501371,Patricia  Mazariegos,M,2026-01-13,295.94,Villa Nueva,Retail
501153,Elena Torres,F,2026-02-21,175.18,Amatitlan,Services
504549,Gustavo  Dominguez,F,2026-01-20,11.04,Mixco,Retail
501396,Andrea Dominguez,F,2026-01-27,83.76,Mixco,Education
501488,Kevin Castillo,M,2026-01-15,129.31,Antigua,Food
501838,Ricardo  Paz,M,2026-01-22,479.64,Chimaltenango,Retail
504724,Karla Perez,F,2026-02-05,141.4,Amatitlan,Education
500912,Elena Morales,F,2026-02-10,0.41,Escuintla,Retail
504769,Maria Soto,F,2026-01-01,316.02,Villa Nueva,Services
502139,Kevin Mejia,F,2026-02-06,433.56,Antigua,Food
501132,Carmen Molina,F,2026-03-01,4.08,Quetzaltenango,Services
503737,Ana  Vargas,M,2026-02-04,284.63,Amatitlan,Services
502178,Ricardo Gomez,F,2026-02-06,376.51,Antigua,Services
503383,Carmen  Rojas,M,2026-01-12,251.8,Chimaltenango,Services
503074,Jose Vargas,F,2026-01-10,322.81,Chimaltenango,Services
501612,Ricardo  Rojas,F,2026-02-05,77.02,Chimaltenango,Food
503591,Paola Hernandez,F,2026-01-31,192.43,Amatitlan,Food
504683,Pedro Ortega,M,2026-02-02,251.8,Quetzaltenango,Education
501828,Paola  Paz,M,2026-01-11,139.43,Amatitlan,Retail
500379,Gustavo Castillo,M,2026-01-12,184.06,Mixco,Retail
500273,Hector Reyes,F,2026-01-25,280.42,Quetzaltenango,Services
501668,Elena Solis,M,2026-01-08,444.41,Villa Nueva,Services
501320,Hector Mendez,M,2026-02-02,37.44,Antigua,Education
503493,Valeria Vargas,M,2026-01-11,190.06,Quetzaltenango,Education
502166,Hector Lopez,F,2026-01-16,421.35,Villa Nueva,Services
501148,Fernando Alvarez,F,2026-01-02,395.95,Amatitlan,Food
503673,Valeria Nunez,M,2026-01-30,251.8,Desconocida,Food
502868,Sofia Flores,F,2026-01-04,211.81,Quetzaltenango,Services
501106,Luis Herrera,F,2026-01-17,426.65,Quetzaltenango,Services
501097,Elena Mazariegos,M,2026-02-10,251.8,Antigua,Education
500786,Laura Paz,M,2026-02-15,4.57,Chimaltenango,Services
504043,Karla Molina,M,2026-02-13,225.17,Villa Nueva,Food
503045,Fernando Paz,M,2026-02-02,98.92,Antigua,Education
504814,Maria  Lopez,M,2026-02-18,221.03,Mixco,Education
501821,Isabel  Nunez,F,2026-02-06,459.51,Escuintla,Education
501310,Maria Solis,M,2026-02-16,393.85,Escuintla,Food
504227,Carlos Soto,M,2026-01-05,338.69,Chimaltenango,Retail
504669,Fernando Soto,M,2026-02-02,174.16,Escuintla,Education
500540,Daniel Dominguez,M,2026-01-23,380.51,Guatemala,Food
502989,Patricia Molina,M,2026-02-16,243.22,Mixco,Services
503684,Elena Flores,M,2026-02-20,3.52,Villa Nueva,Food
503763,Juan Dominguez,M,2026-02-11,265.13,Quetzaltenango,Food
500495,Miguel  Solis,F,2026-02-07,251.8,Desconocida,Retail
501829,Paola Flores,F,2026-01-02,491.47,Quetzaltenango,Retail
504765,Karla Molina,M,2026-02-08,412.66,Escuintla,Food
502670,Juan Castillo,M,2026-01-08,380.87,Villa Nueva,Education
502584,Fernando Ortega,M,2026-01-23,405.76,Escuintla,Retail
502918,Paola Mejia,F,2026-02-25,25.02,Chimaltenango,Services
504332,Juan Ruiz,M,2026-01-20,407.9,Mixco,Food
500434,Elena Aguilar,F,2026-01-05,143.11,Mixco,Food
502661,Pedro Cruz,M,2026-01-02,245.62,Antigua,Education
501942,Oscar Rojas,M,2026-02-13,3.75,Villa Nueva,Food
500295,Valeria Dominguez,M,2026-02-09,321.42,Escuintla,Services
500399,Karla  Torres,F,2026-01-31,61.33,Desconocida,Services
501935,Diana Reyes,F,2026-02-16,223.35,Guatemala,Food
502949,Pedro Mazariegos,F,2026-01-22,207.81,Chimaltenango,Services
502128,Fernando Ruiz,M,2026-02-19,52.92,Villa Nueva,Education
503497,Luis Cruz,M,2026-01-14,453.91,Mixco,Food
500158,Monica Ruiz,M,2026-01-14,292.31,Escuintla,Retail
502709,Juan Torres,M,2026-01-24,113.37,Amatitlan,Food
502487,Carlos Mejia,M,2026-01-08,47.38,Quetzaltenango,Food
500646,Valeria Soto,M,2026-01-23,231.04,Chimaltenango,Food
501211,Monica  Hernandez,M,2026-01-13,251.8,Guatemala,Services
503445,Carlos Herrera,F,2026-02-19,33.34,Mixco,Services
501732,Andrea Perez,F,2026-02-10,468.4,Chimaltenango,Services
500925,Pablo Rojas,F,2026-01-25,255.0,Villa Nueva,Retail
502956,Karla Fuentes,M,2026-02-20,248.74,Chimaltenango,Retail
504259,Miguel Ramirez,F,2026-02-11,3.01,Villa Nueva,Food
502054,Laura Diaz,M,2026-02-27,359.9,Mixco,Services
502568,Juan Gomez,M,2026-01-09,122.39,Mixco,Education
501921,Karla Perez,F,2026-02-09,163.02,Desconocida,Food
503709,Rene Mazariegos,F,2026-02-11,0.18,Chimaltenango,Retail
502503,Luis Morales,M,2026-02-26,355.01,Chimaltenango,Retail
504526,Diana Rojas,M,2026-02-01,381.27,Villa Nueva,Food
504375,Ana Aguilar,F,2026-01-25,264.1,Chimaltenango,Retail
500878,Hector Solis,F,2026-01-16,381.35,Quetzaltenango,Services
500742,Kevin Fuentes,F,2026-02-28,482.63,Mixco,Retail
501007,Daniel Lima,F,2026-01-18,409.21,Mixco,Food
501136,Gabriela Molina,M,2026-01-09,242.64,Amatitlan,Education
500398,Carmen Torres,M,2026-01-07,360.6,Mixco,Retail
504459,Diana Gomez,M,2026-01-21,470.17,Desconocida,Food
502626,Kevin Lima,M,2026-02-17,438.27,Chimaltenango,Retail
501069,Karla Morales,F,2026-01-20,332.03,Escuintla,Education
503166,Gustavo Mendez,M,2026-01-12,117.04,Escuintla,Food
503463,Maria Rojas,F,2026-02-22,282.1,Villa Nueva,Retail
504508,Ana Mendez,M,2026-02-15,236.0,Mixco,Retail
502222,Karla Morales,F,2026-02-16,271.54,Quetzaltenango,Services
500364,Pablo Paz,F,2026-02-14,109.41,Escuintla,Food
503874,Fernando  Torres,F,2026-02-17,251.8,Amatitlan,Services
501355,Ricardo Paz,M,2026-02-26,453.81,Quetzaltenango,Food
500245,Monica Cruz,M,2026-02-20,281.22,Mixco,Retail
503790,Kevin Castillo,F,2026-02-02,307.64,Chimaltenango,Education
501321,Elena Ramirez,F,2026-02-25,142.13,Antigua,Food
504522,Sofia Mejia,M,2026-01-23,469.86,Amatitlan,Retail
501579,Fernando Cruz,F,2026-02-09,258.84,Escuintla,Education
500966,Sofia  Flores,M,2026-01-20,94.31,Desconocida,Food
504539,Carlos Reyes,F,2026-01-19,211.91,Quetzaltenango,Education
501079,Monica Alvarez,F,2026-02-27,251.8,Escuintla,Services
500255,Gabriela Solis,F,2026-01-06,254.78,Desconocida,Services
503536,Pablo Mazariegos,F,2026-02-02,204.08,Chimaltenango,Food
500551,Carlos Molina,F,2026-02-13,314.06,Quetzaltenango,Food
504505,Valeria Solis,M,2026-01-30,251.8,Antigua,Services
500533,Diana Lima,M,2026-02-11,81.1,Desconocida,Food
500334,Patricia Alvarez,M,2026-01-16,417.78,Guatemala,Services
502555,Carmen Diaz,M,2026-02-07,81.79,Chimaltenango,Retail
503088,Gustavo Torres,F,2026-02-07,457.81,Guatemala,Education
504108,Rene  Hernandez,M,2026-02-28,261.46,Guatemala,Education
501353,Patricia Perez,F,2026-02-14,446.68,Amatitlan,Retail
501265,Paola Dominguez,M,2026-01-17,208.46,Mixco,Services
504290,Daniel Soto,M,2026-01-10,471.6,Guatemala,Retail
500923,Maria Ramirez,M,2026-02-14,251.8,Chimaltenango,Education
503011,Juan Hernandez,F,2026-01-03,329.55,Mixco,Services
500403,Monica Perez,M,2026-02-22,463.35,Guatemala,Retail
501806,Jose Mendez,F,2026-02-14,64.47,Escuintla,Food
504083,Kevin Paz,M,2026-01-07,71.13,Mixco,Services
504717,Andrea Fuentes,F,2026-01-16,386.02,Quetzaltenango,Food
503004,Pedro Perez,F,2026-01-23,251.8,Chimaltenango,Retail
504543,Pedro Dominguez,F,2026-01-28,192.82,Escuintla,Retail
504374,Diana Ramirez,F,2026-01-28,102.07,Villa Nueva,Education
500408,Valeria Diaz,F,2026-01-28,83.76,Mixco,Food
501297,Monica Aguilar,F,2026-01-18,50.85,Desconocida,Food
504629,Daniel Mendez,M,2026-02-06,209.3,Villa Nueva,Food
503661,Fernando Soto,F,2026-01-11,7.12,Villa Nueva,Services
504383,Ricardo  Mejia,F,2026-01-11,16.61,Quetzaltenango,Services
501260,Daniel Reyes,M,2026-02-01,104.92,Amatitlan,Services
502365,Karla Molina,F,2026-02-28,115.47,Villa Nueva,Food
501103,Jose Paz,F,2026-01-30,243.31,Escuintla,Services
501908,Daniel  Ramirez,M,2026-02-02,332.2,Chimaltenango,Food
501017,Miguel Rojas,M,2026-01-07,427.92,Quetzaltenango,Food
501734,Carlos Lopez,F,2026-02-23,106.15,Desconocida,Food
500616,Paola Rojas,M,2026-01-22,47.0,Antigua,Retail
503327,Pedro Cruz,M,2026-01-12,321.61,Mixco,Education
502302,Kevin Morales,M,2026-01-09,393.16,Chimaltenango,Retail
503093,Sofia Solis,M,2026-02-02,157.49,Mixco,Education
501118,Diana Nunez,M,2026-01-15,282.61,Chimaltenango,Education
500536,Diana Ramirez,M,2026-02-05,249.83,Escuintla,Services
504870,Gabriela Castillo,M,2026-02-14,16.54,Villa Nueva,Food
504851,Oscar Castillo,M,2026-01-29,181.53,Amatitlan,Education
500860,Patricia  Aguilar,F,2026-02-08,266.26,Quetzaltenango,Education
501345,Pedro Alvarez,M,2026-01-08,104.92,Chimaltenango,Food
504753,Diana Molina,M,2026-02-14,460.55,Quetzaltenango,Food
502078,Valeria Perez,F,2026-01-13,482.85,Quetzaltenango,Food
503683,Jose Nunez,M,2026-01-15,228.08,Guatemala,Food
504697,Miguel  Morales,M,2026-02-02,190.85,Villa Nueva,Services
501593,Juan Alvarez,F,2026-02-27,251.8,Amatitlan,Education
504764,Diana Mejia,F,2026-02-04,28.28,Quetzaltenango,Food
504877,Ana Lima,F,2026-01-19,299.34,Antigua,Services
501172,Maria  Vargas,M,2026-02-15,186.02,Chimaltenango,Food
502424,Miguel Alvarez,F,2026-02-06,220.85,Antigua,Retail
501369,Pedro  Diaz,M,2026-01-21,440.26,Guatemala,Education
504044,Laura Fuentes,F,2026-02-07,106.59,Antigua,Education
501164,Valeria Soto,F,2026-02-14,317.47,Quetzaltenango,Food
501067,Luis Rojas,M,2026-02-22,471.23,Amatitlan,Education
500142,Pablo Mejia,F,2026-02-18,251.8,Antigua,Food
500597,Kevin Gomez,F,2026-02-05,72.9,Quetzaltenango,Education
504270,Gabriela  Alvarez,F,2026-01-11,354.72,Quetzaltenango,Services
503367,Pedro Mendez,M,2026-02-26,393.71,Quetzaltenango,Education
503141,Hector Paz,F,2026-02-08,267.4,Quetzaltenango,Retail
501498,Andrea Ortega,F,2026-01-06,429.01,Chimaltenango,Retail
504465,Paola Fuentes,M,2026-01-25,221.6,Amatitlan,Food
500532,Pablo Soto,M,2026-02-22,226.34,Amatitlan,Education
500402,Pedro Vargas,F,2026-01-23,236.92,Quetzaltenango,Education
501309,Paola Gomez,M,2026-01-26,347.53,Escuintla,Food
502321,Monica Castillo,F,2026-01-02,273.31,Antigua,Education
503657,Hector Soto,F,2026-01-19,65.31,Guatemala,Food
504027,Monica Solis,F,2026-01-31,193.82,Amatitlan,Retail
502820,Jose Solis,M,2026-01-07,221.6,Desconocida,Retail
502684,Sofia Rojas,M,2026-02-19,402.29,Chimaltenango,Food
502617,Miguel Lopez,F,2026-01-19,133.34,Villa Nueva,Retail
501848,Diana Rojas,F,2026-02-10,494.57,Mixco,Education
500637,Jose Fuentes,M,2026-02-18,430.08,Quetzaltenango,Education
502665,Ana Solis,M,2026-01-06,227.89,Quetzaltenango,Services
502730,Isabel Alvarez,F,2026-01-23,490.27,Quetzaltenango,Retail
501859,Miguel  Dominguez,M,2026-01-31,209.23,Chimaltenango,Education
504455,Patricia Castillo,M,2026-02-01,330.42,Escuintla,Services
501411,Juan Fuentes,F,2026-01-19,41.79,Guatemala,Education
501401,Diana Ramirez,M,2026-01-24,195.38,Quetzaltenango,Education
504868,Pablo Gomez,F,2026-01-26,366.44,Quetzaltenango,Services
502084,Sofia Diaz,F,2026-01-22,251.8,Chimaltenango,Retail
503938,Miguel  Perez,M,2026-01-30,326.33,Guatemala,Retail
504776,Miguel Morales,M,2026-02-23,9.01,Antigua,Food
500125,Daniel Gomez,M,2026-01-01,142.91,Mixco,Education
501363,Carlos Reyes,M,2026-02-20,495.06,Villa Nueva,Food
501055,Karla Aguilar,F,2026-01-11,277.46,Amatitlan,Retail
501314,Pablo  Castillo,F,2026-01-16,181.39,Mixco,Services
502991,Rene Nunez,F,2026-02-23,17.09,Amatitlan,Retail
503397,Karla Lima,M,2026-01-24,341.92,Quetzaltenango,Food
502401,Juan Hernandez,M,2026-01-20,323.07,Escuintla,Services
501242,Monica Flores,M,2026-01-03,147.35,Mixco,Services
502822,Sofia  Hernandez,F,2026-02-08,452.23,Mixco,Services
501072,Gabriela Alvarez,M,2026-01-07,178.8,Amatitlan,Services
500007,Rene Ortega,M,2026-02-12,34.58,Chimaltenango,Education
504566,Andrea Mejia,F,2026-02-17,57.68,Amatitlan,Retail
500057,Andrea Aguilar,F,2026-02-23,76.26,Amatitlan,Food
502062,Daniel Cruz,F,2026-01-16,305.24,Mixco,Services
503342,Isabel Reyes,M,2026-02-07,251.8,Chimaltenango,Retail
503474,Carmen Ramirez,F,2026-01-26,468.96,Escuintla,Food
504379,Isabel Castillo,F,2026-02-24,423.29,Quetzaltenango,Retail
501636,Andrea Herrera,M,2026-01-25,169.17,Amatitlan,Food
503616,Laura Diaz,F,2026-01-30,361.97,Villa Nueva,Food
503150,Oscar Torres,M,2026-01-31,178.42,Mixco,Services
502263,Rene Lima,M,2026-01-18,190.74,Antigua,Food
503839,Maria Ruiz,F,2026-02-16,251.8,Villa Nueva,Food
502971,Miguel Soto,F,2026-02-02,146.49,Guatemala,Food
503624,Laura  Ramirez,M,2026-02-14,417.94,Chimaltenango,Food
500590,Rene  Fuentes,M,2026-02-26,251.8,Quetzaltenango,Services
504220,Monica Dominguez,M,2026-02-26,368.83,Villa Nueva,Education
500967,Gustavo Morales,M,2026-02-04,498.92,Escuintla,Retail
501186,Elena Mejia,M,2026-01-05,6.42,Villa Nueva,Retail
501128,Patricia  Torres,F,2026-02-15,197.03,Guatemala,Education
504412,Rene Lima,M,2026-02-17,479.98,Escuintla,Education
501285,Ana  Nunez,F,2026-01-29,2.13,Chimaltenango,Services
504111,Karla Alvarez,M,2026-02-07,42.91,Villa Nueva,Education
500359,Oscar Diaz,F,2026-01-23,251.8,Antigua,Food
503521,Daniel Ruiz,F,2026-02-04,284.75,Desconocida,Food
500673,Karla Mazariegos,F,2026-02-15,473.3,Guatemala,Education
503143,Luis Ortega,F,2026-01-31,112.78,Chimaltenango,Retail
500680,Jose Mazariegos,M,2026-02-09,216.78,Chimaltenango,Education
504004,Patricia Cruz,F,2026-02-09,262.64,Desconocida,Retail
504798,Pedro Vargas,M,2026-01-26,322.2,Antigua,Education
502185,Ana Soto,F,2026-01-25,2.43,Mixco,Retail
500293,Juan Flores,M,2026-02-19,322.83,Villa Nueva,Education
500086,Gustavo Mejia,M,2026-01-21,425.24,Mixco,Services
504279,Kevin Soto,M,2026-02-11,55.53,Escuintla,Retail
500959,Andrea Herrera,F,2026-01-25,189.66,Antigua,Retail
500944,Karla Morales,F,2026-01-22,22.83,Quetzaltenango,Education
500131,Hector Molina,F,2026-03-01,100.01,Guatemala,Services
500291,Andrea Mendez,M,2026-02-05,301.38,Mixco,Food
500156,Karla Alvarez,M,2026-02-21,251.8,Villa Nueva,Education
502843,Ricardo Aguilar,F,2026-01-30,426.76,Villa Nueva,Retail
501524,Diana Flores,F,2026-01-29,137.98,Villa Nueva,Food
502816,Kevin Reyes,F,2026-01-15,368.47,Amatitlan,Retail
500004,Laura Diaz,M,2026-01-30,251.8,Amatitlan,Services
502872,Hector Gomez,M,2026-01-02,276.33,Amatitlan,Retail
500218,Rene Vargas,M,2026-03-01,210.79,Chimaltenango,Food
504820,Isabel Molina,F,2026-01-09,448.09,Escuintla,Services
502384,Fernando  Dominguez,F,2026-01-09,226.41,Quetzaltenango,Services
502967,Patricia Herrera,F,2026-01-08,398.59,Antigua,Services
503581,Gabriela Castillo,M,2026-02-13,454.32,Mixco,Education
504577,Fernando Mendez,F,2026-01-15,407.7,Amatitlan,Education
502875,Monica Herrera,F,2026-02-09,323.8,Mixco,Services
500406,Isabel Flores,F,2026-02-07,7.16,Amatitlan,Services
500261,Luis Cruz,F,2026-01-07,48.18,Escuintla,Services
503123,Miguel Mejia,M,2026-02-07,237.76,Chimaltenango,Retail
503645,Kevin Rojas,M,2026-01-25,80.66,Amatitlan,Food
502204,Miguel Hernandez,M,2026-02-15,41.82,Antigua,Retail
504821,Valeria Alvarez,F,2026-01-09,195.71,Escuintla,Education
504365,Kevin Castillo,M,2026-01-30,469.59,Escuintla,Education
501932,Kevin Rojas,F,2026-02-10,251.8,Quetzaltenango,Food
502224,Valeria Lima,F,2026-01-02,86.63,Villa Nueva,Retail
501155,Andrea Herrera,M,2026-02-22,30.71,Guatemala,Retail
501119,Kevin  Mazariegos,M,2026-02-26,205.62,Amatitlan,Services
500513,Laura Soto,F,2026-01-01,487.61,Escuintla,Education
500468,Sofia Diaz,M,2026-02-14,363.24,Antigua,Education
500578,Karla Solis,F,2026-01-02,415.89,Quetzaltenango,Education
500477,Sofia Ruiz,F,2026-02-18,251.48,Guatemala,Food
501539,Kevin Ortega,M,2026-02-02,228.52,Amatitlan,Retail
501711,Juan Mazariegos,M,2026-01-04,360.06,Escuintla,Services
500500,Ricardo Mejia,F,2026-02-24,91.64,Mixco,Education
501175,Rene Hernandez,F,2026-02-24,320.46,Chimaltenango,Services
500499,Gabriela Flores,M,2026-01-04,442.33,Mixco,Education
501276,Hector Nunez,F,2026-02-05,397.89,Villa Nueva,Services
500087,Miguel Mejia,F,2026-02-13,295.37,Antigua,Food
504307,Kevin Ortega,F,2026-02-03,412.56,Mixco,Food
501284,Juan Solis,F,2026-02-06,237.57,Escuintla,Retail
504447,Ana Paz,M,2026-02-01,232.92,Guatemala,Education
502972,Carmen Lopez,F,2026-02-07,112.23,Quetzaltenango,Education
503252,Daniel Ramirez,M,2026-01-15,246.72,Guatemala,Retail
502374,Elena Ortega,M,2026-02-03,70.22,Villa Nueva,Education
504446,Monica  Flores,M,2026-01-27,86.8,Villa Nueva,Services
502695,Rene Ramirez,M,2026-01-12,251.8,Mixco,Services
504434,Daniel Morales,F,2026-01-09,282.11,Villa Nueva,Services
501455,Pedro  Flores,M,2026-01-03,251.8,Quetzaltenango,Food
501744,Paola Mendez,M,2026-02-13,140.86,Guatemala,Food
501786,Daniel Solis,M,2026-01-18,341.21,Amatitlan,Retail
500180,Oscar Rojas,M,2026-01-25,430.47,Mixco,Education
500214,Kevin Dominguez,F,2026-01-22,109.23,Villa Nueva,Retail
500467,Laura Mendez,F,2026-02-01,489.93,Guatemala,Services
501555,Miguel Herrera,M,2026-02-28,296.68,Mixco,Retail
504121,Diana Soto,M,2026-02-20,147.24,Quetzaltenango,Food
502990,Kevin  Paz,F,2026-02-01,434.22,Desconocida,Education
501547,Carlos Morales,M,2026-03-01,276.34,Amatitlan,Services
504068,Oscar Rojas,F,2026-01-16,446.35,Escuintla,Food
504650,Laura Soto,M,2026-02-10,283.85,Antigua,Education
501219,Juan Alvarez,M,2026-01-22,331.47,Chimaltenango,Food
502623,Juan Fuentes,M,2026-02-02,141.45,Guatemala,Food
502830,Monica  Flores,F,2026-01-27,270.04,Guatemala,Retail
501503,Gustavo Lopez,F,2026-01-12,251.8,Mixco,Services
501409,Paola  Alvarez,F,2026-01-28,398.62,Chimaltenango,Education
500263,Carlos  Reyes,F,2026-02-04,21.64,Guatemala,Services
500527,Gabriela Soto,F,2026-02-16,438.37,Guatemala,Food
500848,Kevin Flores,M,2026-02-20,424.58,Guatemala,Education
501016,Pablo  Torres,M,2026-02-17,414.66,Quetzaltenango,Food
500317,Isabel Diaz,M,2026-01-18,251.8,Amatitlan,Services
504895,Karla  Gomez,M,2026-02-24,117.09,Quetzaltenango,Services
501036,Monica Nunez,M,2026-01-03,449.66,Quetzaltenango,Services
500567,Paola Torres,M,2026-02-03,454.76,Antigua,Services
501892,Fernando Ramirez,F,2026-01-11,145.05,Antigua,Food
503534,Isabel  Ramirez,F,2026-02-01,482.0,Villa Nueva,Services
500605,Valeria Flores,M,2026-02-21,434.26,Escuintla,Retail
500621,Monica Mendez,F,2026-02-08,251.8,Amatitlan,Services
500292,Isabel Lima,F,2026-02-18,262.31,Mixco,Food
501798,Elena Morales,F,2026-02-03,72.43,Antigua,Education
502058,Fernando Morales,F,2026-01-03,448.74,Guatemala,Services
502376,Sofia  Molina,F,2026-02-05,347.32,Escuintla,Retail
502791,Andrea  Cruz,M,2026-01-13,251.8,Escuintla,Retail
503808,Ricardo Torres,F,2026-01-13,188.09,Escuintla,Food
504498,Luis Ramirez,F,2026-02-25,110.41,Mixco,Education
503415,Miguel Vargas,M,2026-01-31,79.98,Chimaltenango,Services
500796,Andrea Fuentes,M,2026-01-08,251.8,Quetzaltenango,Retail
502097,Carmen  Gomez,F,2026-01-09,209.05,Amatitlan,Retail
503558,Monica Cruz,M,2026-02-05,231.48,Mixco,Food
503347,Valeria Mendez,F,2026-01-13,103.69,Mixco,Retail
504107,Rene Solis,F,2026-02-17,216.96,Chimaltenango,Services
504141,Hector Castillo,F,2026-02-03,384.31,Chimaltenango,Services
500289,Rene Reyes,M,2026-02-06,294.94,Villa Nueva,Food
502435,Elena Perez,M,2026-02-03,201.02,Guatemala,Food
504548,Ana Rojas,F,2026-01-27,387.97,Antigua,Retail
500854,Maria Ruiz,M,2026-01-12,260.29,Guatemala,Retail
503294,Paola Flores,F,2026-01-02,251.8,Quetzaltenango,Food
502230,Monica Rojas,M,2026-01-16,367.51,Antigua,Food
500801,Miguel Soto,F,2026-02-14,79.59,Chimaltenango,Education
504045,Juan Vargas,M,2026-01-26,454.07,Amatitlan,Retail
503418,Pablo  Aguilar,M,2026-01-21,254.39,Antigua,Education
503834,Rene Ramirez,F,2026-02-08,287.8,Amatitlan,Retail
503612,Ana Reyes,F,2026-02-28,359.95,Mixco,Education
504415,Oscar Hernandez,F,2026-01-10,205.77,Villa Nueva,Services
504855,Carmen Dominguez,M,2026-01-02,120.43,Mixco,Retail
503022,Valeria Diaz,M,2026-01-05,113.04,Quetzaltenango,Food
502738,Daniel  Rojas,F,2026-02-24,223.39,Guatemala,Education
503538,Isabel Herrera,M,2026-02-23,210.34,Mixco,Food
501346,Kevin Diaz,F,2026-01-23,43.05,Amatitlan,Services
501713,Patricia  Gomez,M,2026-02-09,469.95,Chimaltenango,Retail
500503,Kevin Castillo,F,2026-02-02,194.54,Desconocida,Education
503427,Paola Nunez,M,2026-02-13,251.8,Quetzaltenango,Education
501232,Ricardo Mejia,F,2026-01-11,302.04,Antigua,Food
501452,Luis Soto,M,2026-01-02,317.89,Antigua,Education
501911,Andrea Ramirez,F,2026-03-01,221.75,Antigua,Food
503387,Juan Torres,F,2026-02-15,444.53,Quetzaltenango,Food
503609,Laura Aguilar,F,2026-02-20,256.64,Chimaltenango,Retail
500622,Gabriela Cruz,M,2026-01-01,60.67,Chimaltenango,Food
500035,Ricardo Paz,F,2026-01-28,66.94,Desconocida,Retail
502354,Karla Soto,F,2026-02-11,381.8,Villa Nueva,Education
504166,Jose Perez,M,2026-01-15,251.8,Villa Nueva,Retail
504571,Gustavo  Torres,M,2026-02-25,388.74,Desconocida,Services
503431,Pedro Nunez,M,2026-02-09,254.27,Desconocida,Retail
503079,Diana Mazariegos,F,2026-02-17,251.8,Escuintla,Retail
502704,Carlos Gomez,M,2026-02-15,291.85,Guatemala,Services
501374,Maria Fuentes,M,2026-01-07,422.37,Villa Nueva,Retail
504823,Ricardo Vargas,F,2026-02-13,73.91,Desconocida,Education
501087,Patricia Gomez,F,2026-02-17,275.12,Guatemala,Education
503417,Gustavo Ortega,F,2026-02-24,281.86,Amatitlan,Retail
503066,Daniel Ramirez,M,2026-02-09,251.8,Escuintla,Food
503652,Miguel Herrera,F,2026-01-21,33.95,Quetzaltenango,Education
501702,Juan Soto,M,2026-01-25,285.58,Villa Nueva,Retail
504219,Diana Hernandez,M,2026-02-11,257.31,Amatitlan,Food
504492,Diana Rojas,M,2026-01-25,305.46,Chimaltenango,Food
500579,Diana Aguilar,M,2026-01-29,486.13,Guatemala,Food
504648,Pablo Mejia,M,2026-02-02,361.4,Guatemala,Education
502182,Karla Herrera,F,2026-02-06,103.05,Villa Nueva,Education
502269,Karla Nunez,M,2026-01-17,186.56,Chimaltenango,Retail
501081,Elena Ramirez,F,2026-02-02,240.43,Antigua,Services
503908,Oscar Cruz,F,2026-02-11,269.1,Escuintla,Food
500208,Laura Reyes,F,2026-02-23,426.53,Amatitlan,Food
502767,Patricia Diaz,M,2026-01-25,262.21,Villa Nueva,Retail
500697,Andrea Solis,F,2026-01-01,257.43,Villa Nueva,Retail
501527,Carmen Morales,F,2026-02-25,3.36,Guatemala,Food
501421,Maria  Ortega,M,2026-01-12,202.41,Antigua,Food
503238,Oscar  Mazariegos,F,2026-01-22,466.94,Chimaltenango,Education
504802,Valeria  Lopez,F,2026-02-22,155.38,Quetzaltenango,Retail
504453,Jose Paz,F,2026-01-11,346.75,Amatitlan,Education
500815,Paola Aguilar,M,2026-02-17,389.3,Antigua,Education
502137,Gabriela Vargas,F,2026-02-01,403.47,Antigua,Food
500451,Carlos Dominguez,F,2026-02-21,155.93,Amatitlan,Food
503352,Ana  Hernandez,M,2026-01-14,5.5,Villa Nueva,Services
501502,Carlos  Alvarez,F,2026-01-05,64.76,Quetzaltenango,Education
501841,Fernando Cruz,M,2026-01-12,162.9,Amatitlan,Food
500703,Hector Morales,M,2026-02-21,304.52,Quetzaltenango,Services
502810,Miguel Rojas,M,2026-01-05,214.11,Amatitlan,Education
503699,Isabel  Nunez,M,2026-01-09,48.62,Quetzaltenango,Education
501865,Patricia Herrera,F,2026-02-27,475.27,Antigua,Education
502350,Karla  Mendez,F,2026-02-14,492.88,Villa Nueva,Retail
504797,Carlos Aguilar,F,2026-02-22,260.97,Quetzaltenango,Food
502674,Diana Lima,M,2026-01-28,288.87,Guatemala,Retail
502101,Ricardo Paz,F,2026-01-01,72.74,Antigua,Education
503978,Jose Ramirez,M,2026-01-31,493.86,Amatitlan,Education
502416,Sofia  Vargas,F,2026-01-17,279.1,Guatemala,Food
500506,Diana  Paz,F,2026-02-25,89.25,Villa Nueva,Education
501061,Jose Mendez,F,2026-01-27,84.85,Escuintla,Education
501674,Juan  Ramirez,M,2026-02-21,167.59,Mixco,Services
502563,Patricia  Diaz,F,2026-02-17,449.38,Guatemala,Services
503462,Sofia Lopez,F,2026-02-17,251.8,Mixco,Retail
500795,Andrea Soto,F,2026-02-28,489.73,Chimaltenango,Education
503477,Pedro Nunez,F,2026-02-28,330.34,Mixco,Services
504846,Hector Dominguez,F,2026-01-03,391.37,Antigua,Services
503767,Ana  Fuentes,M,2026-02-26,34.75,Mixco,Retail
503368,Monica Mejia,M,2026-01-20,157.65,Guatemala,Services
503105,Maria Ruiz,M,2026-01-31,487.58,Escuintla,Services
502548,Isabel Fuentes,F,2026-02-25,347.51,Chimaltenango,Retail
503803,Jose Ruiz,M,2026-03-01,249.28,Quetzaltenango,Food
501776,Pablo  Herrera,M,2026-02-26,251.8,Desconocida,Services
501280,Diana  Aguilar,M,2026-02-11,313.76,Amatitlan,Services
504136,Gabriela Reyes,F,2026-01-26,251.8,Amatitlan,Services
504715,Gabriela Soto,M,2026-01-06,355.59,Escuintla,Services
501955,Pedro Nunez,F,2026-02-20,348.3,Chimaltenango,Food
500383,Luis Soto,M,2026-01-18,325.54,Escuintla,Services
504865,Carmen Herrera,M,2026-01-25,175.25,Guatemala,Food
503608,Carmen Alvarez,M,2026-02-26,70.85,Escuintla,Retail
504750,Valeria  Castillo,F,2026-02-19,116.44,Guatemala,Retail
500948,Monica  Aguilar,M,2026-01-28,397.82,Amatitlan,Food
503686,Gabriela Dominguez,M,2026-01-10,80.17,Escuintla,Services
504762,Valeria Solis,F,2026-02-08,371.71,Villa Nueva,Services
500875,Valeria Cruz,F,2026-02-08,296.73,Mixco,Services
503160,Gustavo Herrera,M,2026-01-17,467.64,Amatitlan,Food
502841,Gustavo Morales,M,2026-01-07,451.8,Mixco,Food
504244,Hector Paz,F,2026-02-01,213.73,Quetzaltenango,Services
502938,Sofia Ruiz,M,2026-01-29,166.13,Quetzaltenango,Education
501485,Carlos Diaz,F,2026-02-12,119.38,Escuintla,Retail
501983,Rene Soto,F,2026-02-01,121.61,Villa Nueva,Retail
500620,Laura Aguilar,M,2026-01-10,57.2,Amatitlan,Food
500427,Sofia Nunez,F,2026-01-18,309.4,Quetzaltenango,Retail
500282,Paola Mazariegos,F,2026-01-09,274.24,Chimaltenango,Retail
500785,Elena Herrera,F,2026-01-06,87.65,Escuintla,Services
503187,Oscar Reyes,M,2026-02-22,425.75,Quetzaltenango,Services
502721,Jose Alvarez,M,2026-02-28,340.63,Antigua,Retail
501930,Carmen Lopez,F,2026-02-03,416.05,Antigua,Education
504847,Gustavo Cruz,M,2026-03-01,183.52,Quetzaltenango,Food
502022,Luis Flores,M,2026-01-25,409.49,Villa Nueva,Services
503090,Jose Perez,F,2026-02-03,298.92,Villa Nueva,Education
502643,Juan Hernandez,M,2026-02-10,301.93,Antigua,Education
502227,Diana Ramirez,M,2026-01-13,251.8,Guatemala,Retail
503061,Gabriela  Molina,M,2026-02-12,173.47,Escuintla,Food
502016,Oscar Ruiz,M,2026-01-28,495.72,Villa Nueva,Retail
502914,Daniel Perez,F,2026-02-23,165.87,Quetzaltenango,Services
503900,Elena  Paz,M,2026-03-01,184.96,Desconocida,Retail
502942,Gabriela Castillo,M,2026-02-16,37.75,Guatemala,Retail
502977,Jose Lopez,F,2026-02-09,251.8,Chimaltenango,Services
501638,Juan Diaz,M,2026-01-19,63.21,Escuintla,Education
501792,Daniel  Diaz,F,2026-01-20,79.05,Mixco,Education
504314,Isabel Molina,M,2026-01-19,498.28,Chimaltenango,Retail
502309,Daniel Morales,F,2026-01-31,120.12,Antigua,Services
502466,Sofia Lima,F,2026-01-27,493.75,Amatitlan,Education
503937,Ricardo Cruz,M,2026-02-13,221.17,Quetzaltenango,Retail
504210,Daniel Vargas,F,2026-01-09,279.66,Quetzaltenango,Retail
500314,Fernando Cruz,M,2026-01-15,99.98,Mixco,Services
501423,Oscar Hernandez,F,2026-02-09,276.46,Mixco,Retail
504681,Juan Paz,M,2026-02-13,447.53,Mixco,Education
504829,Laura Reyes,F,2026-01-26,449.25,Mixco,Services
502349,Paola Flores,M,2026-01-07,275.1,Amatitlan,Education
500346,Kevin Vargas,F,2026-01-10,288.52,Escuintla,Services
504743,Monica  Ramirez,M,2026-01-26,331.76,Chimaltenango,Services
500793,Diana Ruiz,F,2026-02-24,332.96,Mixco,Food
501220,Valeria Molina,M,2026-01-29,435.34,Mixco,Retail
500993,Karla Vargas,M,2026-01-13,211.85,Desconocida,Retail
501922,Ricardo Ruiz,M,2026-02-11,277.53,Antigua,Services
501204,Daniel Vargas,M,2026-01-07,317.22,Escuintla,Services
500572,Ricardo Paz,F,2026-02-05,47.89,Antigua,Food
504875,Pedro  Molina,M,2026-02-19,208.65,Chimaltenango,Retail
503885,Fernando  Castillo,M,2026-02-03,251.8,Antigua,Education
501075,Andrea Cruz,M,2026-01-28,251.8,Quetzaltenango,Services
500655,Ana Morales,F,2026-02-10,409.3,Escuintla,Food
501435,Karla Nunez,M,2026-02-19,17.59,Villa Nueva,Services
503050,Carlos Mendez,M,2026-02-09,227.99,Desconocida,Food
503540,Rene Dominguez,F,2026-01-05,251.8,Desconocida,Retail
500170,Kevin Lima,F,2026-01-27,143.26,Chimaltenango,Retail
500870,Ana Reyes,M,2026-01-23,387.35,Antigua,Food
501142,Valeria Reyes,M,2026-01-19,75.32,Amatitlan,Education
500353,Pedro Solis,F,2026-02-08,407.99,Guatemala,Services
502446,Maria Solis,M,2026-02-04,108.87,Mixco,Education
504203,Jose  Mazariegos,F,2026-01-13,331.71,Mixco,Food
504399,Luis Ortega,M,2026-02-14,251.8,Guatemala,Services
503260,Pedro Rojas,M,2026-01-21,254.12,Villa Nueva,Education
500157,Sofia Mazariegos,M,2026-02-26,477.11,Quetzaltenango,Retail
501560,Maria Dominguez,M,2026-02-09,391.81,Escuintla,Services
502652,Laura Vargas,F,2026-02-16,210.57,Guatemala,Food
500600,Andrea Morales,F,2026-01-24,285.05,Quetzaltenango,Education
503669,Fernando Morales,F,2026-02-08,92.99,Escuintla,Education
504610,Paola Gomez,M,2026-02-14,251.8,Guatemala,Services
501685,Valeria Diaz,F,2026-02-21,497.2,Chimaltenango,Retail
502710,Carlos Mejia,F,2026-01-24,306.22,Mixco,Services
501978,Monica Rojas,M,2026-02-10,251.8,Villa Nueva,Food
502575,Pablo Mazariegos,F,2026-02-04,251.8,Mixco,Retail
500715,Carlos Mazariegos,F,2026-01-08,262.17,Chimaltenango,Retail
501590,Maria  Lopez,F,2026-01-04,477.47,Mixco,Education
500570,Valeria Vargas,F,2026-01-11,84.32,Villa Nueva,Education
504009,Pedro Torres,M,2026-01-10,55.95,Antigua,Retail
500021,Jose Perez,F,2026-02-22,328.76,Guatemala,Retail
500877,Miguel Ramirez,F,2026-02-28,251.8,Mixco,Education
502193,Monica Nunez,M,2026-02-10,318.77,Quetzaltenango,Retail
504673,Oscar Rojas,F,2026-02-27,172.93,Quetzaltenango,Education
504639,Carlos Soto,M,2026-01-16,48.34,Villa Nueva,Food
504337,Patricia  Mejia,M,2026-01-10,238.01,Desconocida,Retail
504022,Karla Gomez,F,2026-01-16,496.55,Amatitlan,Education
503696,Hector Ruiz,M,2026-01-16,405.39,Quetzaltenango,Retail
503815,Kevin Flores,M,2026-02-25,165.32,Antigua,Food
502107,Daniel Mendez,M,2026-01-31,295.21,Villa Nueva,Retail
502545,Karla Lima,F,2026-02-16,467.11,Chimaltenango,Education
503504,Luis Morales,F,2026-02-06,8.33,Villa Nueva,Retail
501881,Laura Rojas,M,2026-01-12,203.0,Mixco,Services
501143,Ana Soto,M,2026-01-02,239.85,Escuintla,Education
503029,Karla Soto,F,2026-01-03,393.56,Escuintla,Retail
503948,Gabriela Herrera,F,2026-02-02,117.64,Chimaltenango,Services
503517,Laura Castillo,F,2026-02-09,251.8,Guatemala,Food
500100,Andrea Ruiz,M,2026-03-01,389.3,Escuintla,Education
500645,Oscar Morales,M,2026-01-21,424.96,Guatemala,Retail
502853,Rene  Molina,M,2026-01-07,182.12,Escuintla,Retail
501281,Daniel Ruiz,F,2026-01-13,124.15,Escuintla,Education
502781,Andrea Cruz,M,2026-01-31,384.45,Quetzaltenango,Services
501315,Jose Reyes,F,2026-01-26,251.8,Escuintla,Retail
501966,Gabriela Dominguez,F,2026-02-22,353.61,Chimaltenango,Education
501749,Juan Ruiz,F,2026-01-07,251.8,Mixco,Services
503887,Elena Ruiz,M,2026-02-03,462.7,Amatitlan,Services
502664,Maria Cruz,F,2026-01-13,158.14,Guatemala,Education
500812,Hector Reyes,M,2026-01-29,83.86,Quetzaltenango,Services
503255,Juan Flores,F,2026-02-05,11.22,Amatitlan,Food
501820,Laura Vargas,M,2026-02-14,490.87,Chimaltenango,Retail
502338,Valeria Torres,M,2026-01-19,347.71,Villa Nueva,Retail
500719,Karla Aguilar,M,2026-01-22,405.57,Chimaltenango,Food
500431,Kevin Fuentes,M,2026-02-23,13.49,Villa Nueva,Education
504494,Jose Ramirez,F,2026-02-09,164.66,Amatitlan,Services
500849,Miguel Morales,F,2026-02-19,48.46,Mixco,Education
501146,Gustavo Lopez,F,2026-01-03,381.07,Escuintla,Food
503833,Maria Perez,F,2026-01-29,250.26,Villa Nueva,Services
502045,Patricia Hernandez,F,2026-01-06,78.16,Quetzaltenango,Education
502170,Elena Flores,M,2026-01-01,391.35,Chimaltenango,Services
502935,Luis Alvarez,M,2026-02-07,36.26,Villa Nueva,Education
504484,Jose Alvarez,F,2026-01-17,251.8,Quetzaltenango,Services
503822,Laura Alvarez,F,2026-02-03,305.44,Amatitlan,Retail
504493,Carlos Ortega,M,2026-01-03,61.58,Chimaltenango,Services
503323,Andrea Castillo,F,2026-02-27,391.6,Villa Nueva,Education
504712,Carmen Lopez,F,2026-01-05,472.58,Chimaltenango,Retail
501799,Fernando Vargas,F,2026-03-01,269.57,Villa Nueva,Retail
503339,Kevin Alvarez,M,2026-01-26,398.43,Desconocida,Services
503906,Fernando Torres,F,2026-01-15,287.12,Quetzaltenango,Education
503928,Diana Flores,M,2026-01-22,448.49,Mixco,Education
502099,Kevin  Nunez,F,2026-02-22,406.43,Mixco,Services
500159,Sofia Lopez,M,2026-01-15,172.22,Quetzaltenango,Retail
503236,Maria Paz,F,2026-02-01,58.33,Desconocida,Education
500562,Oscar Reyes,M,2026-01-10,310.68,Antigua,Services
502771,Pablo Ramirez,M,2026-01-04,393.71,Amatitlan,Education
500891,Juan  Soto,F,2026-02-08,464.56,Escuintla,Services
500933,Fernando Soto,F,2026-01-23,251.8,Antigua,Food
501769,Ricardo Torres,M,2026-02-13,433.31,Antigua,Services
501071,Rene Herrera,F,2026-01-13,146.16,Chimaltenango,Retail
503916,Miguel Castillo,M,2026-02-23,159.65,Antigua,Food
500725,Carlos Soto,M,2026-01-07,99.26,Villa Nueva,Food
500574,Carlos Diaz,M,2026-01-24,18.29,Escuintla,Education
503174,Jose  Morales,F,2026-02-24,412.31,Amatitlan,Education
501317,Daniel Perez,M,2026-01-19,453.15,Chimaltenango,Education
502360,Gustavo Fuentes,M,2026-02-21,115.55,Escuintla,Retail
503271,Ricardo Castillo,F,2026-01-06,135.76,Amatitlan,Food
502345,Elena Ruiz,F,2026-02-26,288.78,Mixco,Food
504782,Diana Mazariegos,F,2026-02-09,267.45,Escuintla,Services
502400,Patricia Mazariegos,F,2026-02-12,55.6,Quetzaltenango,Education
504773,Gustavo Morales,F,2026-01-15,93.76,Antigua,Services
503161,Elena Mendez,F,2026-01-08,354.7,Amatitlan,Retail
503843,Hector Herrera,F,2026-02-09,247.18,Chimaltenango,Food
500349,Kevin Dominguez,F,2026-02-18,4.2,Chimaltenango,Food
502524,Andrea Herrera,F,2026-02-08,109.67,Amatitlan,Services
502564,Monica Nunez,F,2026-02-26,64.14,Quetzaltenango,Food
501415,Carlos Castillo,F,2026-01-10,6.04,Villa Nueva,Services
500068,Maria Cruz,F,2026-02-23,117.68,Amatitlan,Food
503991,Carlos  Vargas,F,2026-02-11,295.18,Mixco,Education
504849,Juan Paz,M,2026-01-26,298.1,Mixco,Services
502585,Ana Cruz,M,2026-02-21,396.7,Chimaltenango,Food
503689,Paola Molina,F,2026-02-12,400.98,Escuintla,Services
502162,Ricardo Rojas,F,2026-02-26,451.61,Villa Nueva,Services
504250,Pedro  Dominguez,M,2026-01-09,405.88,Chimaltenango,Education
500032,Fernando Solis,F,2026-02-17,251.8,Amatitlan,Services
501051,Daniel Mejia,M,2026-01-20,456.06,Escuintla,Services
503903,Miguel Ruiz,F,2026-01-08,17.98,Guatemala,Services
500072,Valeria Ramirez,F,2026-01-09,151.73,Desconocida,Education
502884,Patricia Morales,F,2026-02-04,280.09,Chimaltenango,Education
504247,Monica Fuentes,F,2026-01-07,455.88,Guatemala,Food
503998,Daniel Gomez,F,2026-02-14,255.98,Escuintla,Education
503047,Carmen Morales,M,2026-01-31,88.63,Quetzaltenango,Retail
500568,Karla Reyes,F,2026-01-20,182.34,Amatitlan,Education
502697,Isabel Mendez,M,2026-01-24,189.09,Quetzaltenango,Education
503460,Carlos Reyes,F,2026-01-03,27.92,Villa Nueva,Services
500235,Carlos Morales,M,2026-02-01,315.38,Escuintla,Retail
502053,Isabel Nunez,M,2026-01-29,144.72,Villa Nueva,Food
503167,Gabriela Fuentes,F,2026-01-31,49.33,Amatitlan,Retail
500909,Patricia Ortega,F,2026-02-16,198.46,Antigua,Education
504113,Laura Cruz,M,2026-02-25,204.79,Quetzaltenango,Food
500610,Juan Mazariegos,F,2026-01-28,235.53,Chimaltenango,Retail
502731,Valeria Nunez,F,2026-01-06,123.53,Villa Nueva,Services
501258,Monica Hernandez,F,2026-02-04,110.3,Mixco,Retail
503247,Andrea  Morales,F,2026-01-07,19.05,Chimaltenango,Education
503915,Isabel Mendez,F,2026-02-18,360.08,Guatemala,Food
501925,Patricia Hernandez,F,2026-01-19,168.82,Chimaltenango,Education
504462,Monica Solis,M,2026-02-27,174.77,Villa Nueva,Services
503179,Kevin Molina,F,2026-02-15,473.77,Mixco,Retail
500537,Carlos Alvarez,M,2026-01-03,264.7,Mixco,Services
503745,Paola Mejia,M,2026-01-26,251.8,Antigua,Education
503453,Valeria Mejia,M,2026-01-01,494.12,Villa Nueva,Services
502405,Gabriela Herrera,F,2026-02-19,467.47,Chimaltenango,Education
503078,Miguel Ortega,M,2026-01-18,166.59,Chimaltenango,Retail
504871,Isabel Herrera,M,2026-02-15,283.44,Mixco,Food
500781,Valeria Lima,M,2026-02-13,95.77,Escuintla,Retail
504613,Miguel Fuentes,F,2026-01-20,101.29,Antigua,Services
500311,Ana Vargas,M,2026-02-10,19.61,Villa Nueva,Retail
503360,Monica Solis,F,2026-01-17,485.24,Quetzaltenango,Food
501643,Sofia  Mazariegos,M,2026-01-14,57.2,Guatemala,Services
501408,Carlos Flores,F,2026-01-24,488.74,Villa Nueva,Retail
502887,Fernando Diaz,F,2026-01-03,125.41,Guatemala,Services
500108,Karla  Reyes,M,2026-01-03,185.48,Guatemala,Education
502639,Juan Soto,M,2026-01-12,143.04,Desconocida,Food
503864,Pablo Torres,M,2026-02-08,266.93,Quetzaltenango,Services
500117,Valeria Vargas,F,2026-01-19,386.52,Guatemala,Education
501938,Miguel Paz,M,2026-01-28,314.84,Antigua,Food
502102,Isabel Dominguez,F,2026-01-17,354.46,Escuintla,Services
501757,Oscar  Ruiz,M,2026-01-03,56.42,Villa Nueva,Retail
504795,Luis Cruz,F,2026-02-15,203.91,Villa Nueva,Services
500548,Patricia Aguilar,F,2026-01-20,153.94,Amatitlan,Retail
501277,Pablo Paz,M,2026-02-12,348.27,Mixco,Retail
504513,Jose  Ortega,F,2026-01-28,2.36,Amatitlan,Retail
504880,Hector Alvarez,F,2026-02-02,29.2,Quetzaltenango,Services
504135,Kevin Ortega,F,2026-03-01,454.87,Mixco,Services
500596,Miguel Vargas,M,2026-02-01,287.05,Villa Nueva,Retail
500759,Carmen Fuentes,M,2026-01-12,58.26,Antigua,Retail
501675,Oscar Solis,F,2026-02-16,90.08,Amatitlan,Education
503528,Gustavo Herrera,M,2026-01-25,122.95,Chimaltenango,Retail
502505,Kevin Ruiz,M,2026-02-25,207.32,Escuintla,Services
504409,Oscar Gomez,M,2026-01-23,251.8,Guatemala,Food
504491,Isabel Reyes,M,2026-02-22,176.04,Villa Nueva,Services
504419,Fernando Cruz,F,2026-01-25,77.03,Chimaltenango,Retail
503506,Daniel Gomez,M,2026-01-28,251.8,Amatitlan,Food
502072,Jose Herrera,F,2026-02-21,197.25,Desconocida,Retail
501719,Gustavo Dominguez,M,2026-01-12,466.15,Quetzaltenango,Food
503830,Gabriela Nunez,M,2026-02-11,246.05,Quetzaltenango,Food
504239,Paola  Soto,F,2026-03-01,251.8,Chimaltenango,Services
504540,Laura Torres,F,2026-01-03,438.72,Guatemala,Education
503985,Jose  Flores,F,2026-01-23,57.51,Villa Nueva,Food
504423,Gustavo Dominguez,F,2026-01-14,251.8,Antigua,Services
501607,Monica Mendez,F,2026-01-11,31.67,Antigua,Education
504202,Pedro Ortega,M,2026-01-11,217.11,Villa Nueva,Education
500107,Fernando  Mazariegos,M,2026-01-30,455.9,Mixco,Education
502735,Juan Lima,M,2026-02-17,188.03,Antigua,Education
502023,Miguel Fuentes,F,2026-02-22,204.8,Mixco,Food
501943,Gustavo Morales,F,2026-02-01,341.42,Amatitlan,Education
504271,Patricia Lima,M,2026-02-07,229.74,Antigua,Education
504318,Karla Soto,F,2026-02-26,168.12,Guatemala,Education
502934,Laura Lima,M,2026-02-06,480.43,Amatitlan,Services
503380,Pablo Alvarez,F,2026-01-18,59.7,Guatemala,Services
501065,Valeria Castillo,F,2026-01-08,107.9,Amatitlan,Food
503698,Andrea  Mendez,F,2026-02-12,35.26,Guatemala,Food
501709,Patricia  Soto,M,2026-01-04,392.72,Mixco,Retail
500340,Isabel Nunez,F,2026-01-20,266.65,Amatitlan,Services
503092,Rene  Soto,M,2026-01-16,232.83,Amatitlan,Retail
502640,Kevin Ruiz,M,2026-01-25,361.64,Amatitlan,Food
502047,Kevin Mendez,F,2026-02-21,187.6,Amatitlan,Education
501000,Kevin Flores,M,2026-02-17,81.08,Escuintla,Services
504098,Rene Aguilar,F,2026-01-28,366.8,Mixco,Services
501404,Carlos Gomez,F,2026-02-04,251.8,Guatemala,Services
503562,Patricia Ruiz,F,2026-01-11,151.7,Chimaltenango,Education
502428,Diana Morales,M,2026-02-11,483.79,Mixco,Services
501928,Paola Cruz,F,2026-01-12,184.92,Amatitlan,Education
503806,Karla Aguilar,F,2026-01-03,373.37,Quetzaltenango,Services
501980,Gabriela Morales,F,2026-01-06,203.16,Guatemala,Education
501166,Hector Solis,M,2026-02-05,23.14,Antigua,Services
502700,Diana Solis,F,2026-01-27,251.8,Escuintla,Retail
503313,Fernando Rojas,F,2026-02-08,287.6,Antigua,Retail
503805,Diana Cruz,F,2026-01-24,244.62,Chimaltenango,Food
503466,Gabriela Nunez,M,2026-02-22,246.23,Villa Nueva,Food
502610,Oscar Mendez,M,2026-02-23,216.15,Chimaltenango,Education
503960,Ricardo Hernandez,F,2026-02-23,488.2,Amatitlan,Services
501635,Elena  Lopez,F,2026-02-14,394.75,Amatitlan,Food
501093,Isabel Perez,F,2026-02-23,463.51,Antigua,Food
501679,Luis Mazariegos,F,2026-01-09,452.62,Chimaltenango,Services
501218,Hector Diaz,F,2026-01-14,475.47,Guatemala,Food
502968,Isabel Herrera,M,2026-01-08,261.91,Guatemala,Education
504621,Pablo Rojas,F,2026-01-11,276.94,Guatemala,Food
501923,Gabriela Diaz,F,2026-01-06,342.31,Antigua,Food
500855,Daniel Ruiz,F,2026-02-11,45.22,Antigua,Education
500237,Pablo Aguilar,F,2026-01-14,17.08,Chimaltenango,Food
500369,Valeria Torres,F,2026-02-11,341.01,Guatemala,Services
504402,Diana Aguilar,M,2026-01-23,481.4,Villa Nueva,Retail
500634,Laura Vargas,M,2026-01-02,278.62,Villa Nueva,Retail
504428,Andrea Perez,F,2026-01-12,263.5,Mixco,Retail
503526,Diana Herrera,F,2026-02-27,304.9,Guatemala,Food
500105,Carlos Herrera,F,2026-02-21,346.38,Amatitlan,Food
500971,Patricia  Nunez,F,2026-02-11,325.02,Chimaltenango,Food
500757,Fernando Castillo,M,2026-02-06,363.81,Chimaltenango,Food
501477,Luis Reyes,F,2026-02-21,402.25,Amatitlan,Services
503182,Hector Flores,F,2026-01-02,251.8,Escuintla,Food
504448,Monica Lopez,F,2026-02-04,251.8,Quetzaltenango,Retail
503204,Andrea Ramirez,F,2026-02-07,164.82,Quetzaltenango,Food
503553,Hector Diaz,F,2026-01-16,391.94,Antigua,Retail
503231,Ana Ruiz,F,2026-02-03,445.3,Escuintla,Retail
502357,Miguel Ortega,M,2026-02-18,55.32,Guatemala,Food
500907,Elena Dominguez,M,2026-01-08,68.67,Amatitlan,Education
501761,Valeria  Alvarez,M,2026-01-28,76.82,Quetzaltenango,Services
500908,Gustavo Hernandez,M,2026-01-14,313.29,Guatemala,Education
500058,Sofia Fuentes,F,2026-02-22,68.26,Desconocida,Education
504574,Miguel Fuentes,M,2026-01-05,292.36,Guatemala,Retail
500489,Pablo Lopez,M,2026-02-11,265.17,Desconocida,Retail
502304,Maria Torres,M,2026-01-04,411.55,Chimaltenango,Retail
500883,Fernando Cruz,F,2026-01-16,18.45,Guatemala,Services
504342,Isabel Lopez,M,2026-01-02,269.46,Antigua,Education
503754,Pedro  Reyes,F,2026-02-04,214.66,Escuintla,Food
504019,Valeria Diaz,F,2026-02-04,219.28,Quetzaltenango,Food
503781,Daniel Ortega,F,2026-02-09,310.21,Escuintla,Education
500702,Andrea Lima,M,2026-01-25,427.51,Quetzaltenango,Retail
503472,Jose  Ruiz,F,2026-02-22,329.97,Chimaltenango,Education
503177,Gabriela Castillo,M,2026-03-01,272.79,Quetzaltenango,Education
502174,Fernando Gomez,F,2026-02-06,115.12,Antigua,Food
501493,Carlos Ruiz,F,2026-01-08,7.11,Antigua,Retail
500575,Kevin Mazariegos,F,2026-01-28,187.79,Quetzaltenango,Food
501912,Sofia Morales,F,2026-01-13,15.21,Guatemala,Education
503063,Carlos Molina,F,2026-02-17,453.12,Amatitlan,Education
503854,Patricia Nunez,M,2026-02-24,176.15,Guatemala,Food
503891,Sofia  Castillo,M,2026-02-06,325.97,Guatemala,Education
503425,Andrea Hernandez,F,2026-02-11,405.95,Escuintla,Retail
504090,Luis Lima,F,2026-01-12,251.8,Quetzaltenango,Food
501609,Carmen Mejia,F,2026-01-07,211.68,Guatemala,Services
500195,Carlos  Lopez,F,2026-02-04,94.1,Antigua,Education
502659,Pedro Nunez,F,2026-01-28,216.15,Quetzaltenango,Food
500894,Miguel Cruz,F,2026-02-26,351.88,Amatitlan,Services
504036,Patricia Ruiz,M,2026-01-02,303.86,Mixco,Education
503799,Isabel Vargas,F,2026-02-08,441.06,Antigua,Food
504035,Valeria  Fuentes,F,2026-02-12,396.94,Escuintla,Education
503069,Diana Perez,F,2026-02-18,444.97,Mixco,Food
503666,Elena Fuentes,M,2026-02-17,38.17,Guatemala,Education
503054,Carmen Flores,M,2026-02-21,343.67,Guatemala,Retail
500226,Luis Castillo,F,2026-01-04,250.64,Escuintla,Education
503936,Ricardo Ortega,M,2026-01-22,5.9,Antigua,Services
500803,Miguel Soto,F,2026-01-03,366.39,Guatemala,Education
501652,Diana Cruz,M,2026-01-10,460.54,Amatitlan,Services
504545,Carmen Gomez,F,2026-01-03,251.8,Chimaltenango,Food
501811,Oscar Cruz,M,2026-02-24,321.89,Villa Nueva,Retail
500062,Valeria Alvarez,M,2026-01-29,272.02,Amatitlan,Food
502277,Luis Gomez,F,2026-02-08,155.73,Villa Nueva,Retail
501448,Carlos Ramirez,M,2026-02-10,440.44,Escuintla,Food
502431,Oscar Lopez,F,2026-02-24,251.8,Quetzaltenango,Education
504781,Juan Castillo,M,2026-02-10,183.3,Quetzaltenango,Retail
501194,Diana Reyes,M,2026-02-12,407.62,Villa Nueva,Retail
501888,Miguel Ramirez,M,2026-02-19,254.24,Villa Nueva,Food
500132,Juan Reyes,F,2026-01-12,361.6,Escuintla,Retail
504734,Sofia Alvarez,F,2026-01-17,498.18,Escuintla,Education
501336,Pablo Mazariegos,F,2026-01-25,147.9,Guatemala,Retail
503464,Oscar Hernandez,M,2026-02-20,33.9,Quetzaltenango,Retail
503117,Laura Dominguez,F,2026-01-11,486.01,Antigua,Food
504414,Monica  Dominguez,M,2026-02-03,454.31,Escuintla,Education
502067,Patricia Aguilar,M,2026-01-21,378.44,Quetzaltenango,Retail
501450,Elena Ramirez,F,2026-02-13,343.43,Guatemala,Services
502836,Laura  Gomez,F,2026-02-03,22.98,Antigua,Services
501127,Diana Herrera,M,2026-02-12,355.78,Quetzaltenango,Services
503775,Sofia  Fuentes,F,2026-01-18,154.22,Quetzaltenango,Education
503168,Gustavo Reyes,F,2026-02-19,231.92,Villa Nueva,Services
501952,Pedro Herrera,M,2026-01-08,398.34,Chimaltenango,Services
503589,Diana Soto,M,2026-02-15,5.05,Mixco,Education
504452,Diana Lima,M,2026-01-26,209.64,Escuintla,Food
501703,Kevin Cruz,M,2026-01-14,23.89,Antigua,Food
501144,Miguel Aguilar,M,2026-01-31,193.89,Chimaltenango,Retail
501608,Juan Diaz,M,2026-02-06,310.94,Amatitlan,Retail
501349,Sofia Mazariegos,F,2026-02-04,43.66,Villa Nueva,Retail
502569,Pedro Fuentes,M,2026-01-24,56.08,Villa Nueva,Education
501368,Juan Perez,F,2026-01-13,258.52,Antigua,Education
500710,Patricia Diaz,M,2026-02-15,64.17,Villa Nueva,Retail
503897,Rene  Lima,M,2026-02-13,383.63,Villa Nueva,Food
503753,Maria Aguilar,M,2026-02-27,249.59,Antigua,Services
503192,Maria  Herrera,M,2026-02-26,230.53,Antigua,Retail
501042,Sofia Ramirez,F,2026-02-10,192.56,Amatitlan,Education
501323,Paola Ramirez,F,2026-02-15,199.84,Escuintla,Retail
502576,Sofia Hernandez,M,2026-01-29,340.99,Amatitlan,Education
500481,Juan  Aguilar,F,2026-02-14,210.78,Amatitlan,Services
504333,Sofia Ortega,M,2026-02-11,461.26,Escuintla,Retail
502975,Jose Lima,M,2026-02-24,129.5,Chimaltenango,Services
503564,Carmen Dominguez,M,2026-01-28,311.04,Antigua,Education
504110,Pablo  Molina,F,2026-01-19,334.69,Antigua,Retail
502115,Miguel  Perez,F,2026-01-29,44.92,Quetzaltenango,Retail
502075,Sofia Ramirez,M,2026-02-13,54.17,Villa Nueva,Food
501088,Fernando Dominguez,F,2026-01-29,2.28,Guatemala,Services
500791,Jose Mendez,F,2026-01-03,308.34,Chimaltenango,Services
501490,Rene Torres,F,2026-02-08,251.8,Amatitlan,Food
503703,Luis Mazariegos,F,2026-01-01,28.19,Escuintla,Retail
503246,Paola Ortega,M,2026-02-28,71.84,Chimaltenango,Retail
503467,Kevin Diaz,M,2026-01-30,138.71,Antigua,Education
500457,Luis Dominguez,F,2026-01-18,251.8,Villa Nueva,Education
503766,Maria Mazariegos,M,2026-02-24,84.9,Quetzaltenango,Retail
501019,Oscar Molina,F,2026-01-12,280.86,Quetzaltenango,Retail
500862,Pedro  Reyes,F,2026-02-06,330.03,Escuintla,Services
502068,Juan Herrera,M,2026-01-21,52.88,Escuintla,Education
502255,Hector Perez,F,2026-01-14,148.47,Antigua,Food
500760,Ricardo Mazariegos,M,2026-01-14,322.87,Chimaltenango,Services
501237,Andrea Mendez,M,2026-01-25,438.81,Chimaltenango,Education
504078,Juan  Soto,M,2026-02-12,236.83,Quetzaltenango,Services
502905,Carmen  Nunez,M,2026-01-12,127.88,Desconocida,Education
502120,Hector Molina,F,2026-02-03,251.47,Quetzaltenango,Education
502311,Miguel  Gomez,F,2026-02-12,168.36,Guatemala,Services
500799,Oscar Ruiz,F,2026-01-14,320.75,Antigua,Education
503132,Andrea  Cruz,F,2026-01-11,458.4,Escuintla,Food
504159,Isabel Morales,F,2026-02-01,185.28,Desconocida,Education
500686,Carlos Lopez,F,2026-02-23,187.64,Amatitlan,Retail
502417,Paola  Lima,F,2026-02-23,251.8,Mixco,Services
501340,Karla Lopez,F,2026-01-17,251.8,Amatitlan,Food
503512,Daniel Torres,M,2026-02-26,119.86,Mixco,Retail
501489,Rene Gomez,M,2026-01-31,48.74,Quetzaltenango,Retail
502523,Daniel Morales,F,2026-02-08,311.39,Antigua,Retail
503176,Paola Paz,M,2026-01-25,72.91,Escuintla,Food
502806,Oscar Cruz,F,2026-01-20,464.63,Antigua,Retail
502081,Gustavo Herrera,F,2026-02-12,117.17,Chimaltenango,Food
504197,Pablo Soto,M,2026-02-04,98.31,Amatitlan,Food
502358,Ana Mazariegos,M,2026-02-07,46.24,Quetzaltenango,Education
501915,Jose Solis,M,2026-01-06,237.85,Villa Nueva,Education
503038,Carmen  Gomez,F,2026-01-23,14.04,Quetzaltenango,Services
504831,Ana Mazariegos,M,2026-02-19,381.04,Mixco,Retail
504472,Maria Ramirez,F,2026-02-01,116.22,Amatitlan,Education
501328,Ricardo Gomez,F,2026-01-21,415.95,Chimaltenango,Services
502611,Elena Fuentes,M,2026-02-04,156.87,Escuintla,Food
503411,Elena Castillo,F,2026-01-23,465.96,Chimaltenango,Food
500146,Pedro  Mejia,F,2026-01-06,409.07,Antigua,Retail
503137,Luis Hernandez,F,2026-01-27,81.87,Guatemala,Retail
504101,Juan Fuentes,F,2026-01-14,360.16,Amatitlan,Services
504351,Jose Vargas,M,2026-01-10,479.61,Villa Nueva,Education
502756,Ricardo  Fuentes,M,2026-01-24,1.25,Amatitlan,Services
504143,Andrea  Ramirez,M,2026-01-24,38.95,Villa Nueva,Food
502857,Gabriela  Solis,M,2026-01-22,303.63,Amatitlan,Services
504243,Ana Mejia,M,2026-02-20,251.8,Antigua,Services
502719,Sofia Vargas,F,2026-02-14,455.3,Chimaltenango,Retail
501417,Ana Ruiz,F,2026-01-22,95.07,Amatitlan,Retail
502276,Isabel Mendez,M,2026-01-08,251.8,Villa Nueva,Food
500121,Miguel Herrera,M,2026-01-30,6.28,Mixco,Food
501714,Patricia Lopez,F,2026-02-01,409.91,Quetzaltenango,Food
503451,Pedro Vargas,F,2026-02-13,232.97,Antigua,Food
503635,Ricardo Ruiz,M,2026-01-03,190.86,Chimaltenango,Retail
503071,Hector Dominguez,M,2026-01-20,239.35,Guatemala,Retail
503899,Jose Ramirez,F,2026-01-02,370.33,Mixco,Services
504591,Juan Lopez,F,2026-01-30,251.8,Villa Nueva,Food
504651,Oscar Soto,F,2026-01-13,169.4,Quetzaltenango,Food
500539,Paola  Alvarez,M,2026-01-04,196.01,Mixco,Food
500517,Gabriela Herrera,F,2026-02-22,481.8,Escuintla,Education
501034,Carlos Cruz,M,2026-02-10,97.92,Amatitlan,Retail
503935,Patricia Reyes,M,2026-01-24,112.92,Guatemala,Retail
500943,Carmen Torres,F,2026-01-22,251.8,Antigua,Education
500104,Diana Rojas,M,2026-02-11,58.7,Villa Nueva,Retail
502508,Hector Mazariegos,F,2026-02-21,447.67,Amatitlan,Retail
502251,Luis Nunez,F,2026-02-12,493.34,Guatemala,Education
504404,Diana Ramirez,F,2026-01-29,305.16,Antigua,Education
504080,Fernando Mejia,F,2026-01-20,64.72,Mixco,Food
502724,Daniel Nunez,M,2026-01-14,400.95,Guatemala,Services
501313,Patricia Mazariegos,F,2026-01-21,59.53,Mixco,Services
503202,Valeria Herrera,M,2026-01-01,157.09,Mixco,Food
502469,Patricia Ortega,M,2026-02-06,277.85,Chimaltenango,Education
500096,Monica Fuentes,F,2026-01-02,182.09,Mixco,Retail
503025,Carmen Dominguez,F,2026-02-04,307.74,Desconocida,Services
504194,Andrea Solis,F,2026-01-09,391.14,Quetzaltenango,Services
501681,Patricia Rojas,M,2026-01-26,43.28,Amatitlan,Food
501406,Hector Aguilar,F,2026-02-06,178.46,Quetzaltenango,Education
500868,Gustavo Mendez,M,2026-01-31,275.13,Amatitlan,Retail
503555,Monica  Diaz,F,2026-02-11,458.99,Amatitlan,Education
504857,Elena Hernandez,M,2026-01-07,197.89,Desconocida,Food
503217,Valeria Fuentes,F,2026-02-23,345.11,Villa Nueva,Education
503986,Miguel  Ruiz,M,2026-02-24,471.68,Antigua,Education
502359,Patricia  Dominguez,M,2026-03-01,274.92,Villa Nueva,Services
503984,Kevin Lima,M,2026-01-18,215.26,Villa Nueva,Services
504587,Carlos Hernandez,M,2026-01-08,251.8,Quetzaltenango,Food
503841,Ricardo Ruiz,F,2026-01-24,251.8,Escuintla,Food
501010,Carmen Flores,M,2026-02-28,95.49,Escuintla,Education
503905,Sofia Diaz,F,2026-02-10,228.11,Quetzaltenango,Services
501064,Paola Gomez,F,2026-02-12,194.81,Guatemala,Education
503116,Pablo Reyes,M,2026-01-07,67.36,Villa Nueva,Services
500731,Pedro Lima,F,2026-02-14,251.8,Guatemala,Retail
504647,Pedro Ruiz,M,2026-02-19,199.52,Guatemala,Food
504652,Rene Flores,F,2026-01-01,208.13,Quetzaltenango,Food
500290,Elena  Ramirez,F,2026-02-13,6.17,Desconocida,Education
502966,Miguel Mendez,M,2026-02-12,21.8,Villa Nueva,Education
501147,Pablo  Cruz,M,2026-01-16,342.06,Mixco,Retail
500529,Miguel  Mejia,F,2026-01-13,456.71,Desconocida,Services
502292,Pedro Ramirez,M,2026-01-24,251.8,Amatitlan,Education
500594,Gustavo Vargas,M,2026-01-29,251.8,Guatemala,Education
502287,Sofia Gomez,F,2026-02-03,474.46,Escuintla,Retail
500411,Elena Mejia,F,2026-01-16,272.74,Escuintla,Food
501469,Paola Solis,F,2026-02-09,425.65,Mixco,Retail
504718,Isabel Ramirez,M,2026-02-03,430.67,Amatitlan,Retail
504327,Andrea Vargas,F,2026-02-20,298.96,Escuintla,Education
500587,Juan Perez,M,2026-02-01,13.57,Villa Nueva,Retail
504075,Isabel Diaz,F,2026-02-02,409.84,Mixco,Food
500972,Carmen Rojas,F,2026-01-20,128.95,Guatemala,Food
502411,Sofia Gomez,F,2026-01-26,78.65,Chimaltenango,Education
500626,Luis Paz,F,2026-02-01,43.31,Mixco,Food
500447,Sofia Perez,M,2026-02-17,251.8,Chimaltenango,Retail
500308,Karla Mejia,M,2026-01-18,276.31,Quetzaltenango,Food
500352,Gabriela Morales,F,2026-02-08,165.47,Chimaltenango,Education
500705,Kevin Soto,F,2026-01-04,325.81,Mixco,Food
501913,Laura Lopez,F,2026-02-07,357.79,Guatemala,Education
502608,Ricardo Vargas,F,2026-01-12,298.77,Amatitlan,Retail
501412,Fernando  Solis,M,2026-01-31,453.92,Amatitlan,Retail
501466,Elena Lima,M,2026-01-08,248.96,Villa Nueva,Food
502103,Maria Herrera,M,2026-01-25,257.19,Chimaltenango,Education
503301,Gustavo Perez,M,2026-02-07,487.97,Quetzaltenango,Retail
500586,Gustavo  Alvarez,M,2026-02-24,241.07,Antigua,Food
502712,Elena Dominguez,M,2026-02-08,423.09,Chimaltenango,Education
500753,Kevin Solis,F,2026-02-07,474.31,Chimaltenango,Services
501339,Sofia Aguilar,M,2026-02-27,75.73,Mixco,Services
500712,Juan Alvarez,F,2026-01-05,440.59,Escuintla,Retail
503227,Karla Perez,M,2026-01-18,358.04,Quetzaltenango,Retail
500832,Hector  Vargas,F,2026-01-28,393.26,Antigua,Food
502954,Miguel Mendez,F,2026-01-28,114.42,Chimaltenango,Services
502681,Valeria  Mejia,F,2026-02-07,347.62,Quetzaltenango,Food
500149,Karla Cruz,M,2026-01-22,485.32,Mixco,Services
504667,Pablo  Diaz,M,2026-02-28,251.8,Amatitlan,Retail
500957,Paola  Diaz,M,2026-01-29,102.35,Chimaltenango,Food
501655,Gabriela Paz,M,2026-02-18,167.77,Antigua,Retail
503269,Pablo  Diaz,F,2026-02-17,339.89,Villa Nueva,Food
501629,Juan Nunez,F,2026-01-24,251.8,Villa Nueva,Education
501897,Juan Nunez,F,2026-01-26,251.8,Guatemala,Services
501929,Rene Nunez,F,2026-02-04,79.4,Amatitlan,Retail
500361,Karla Lopez,F,2026-02-22,35.46,Antigua,Education
503197,Diana Ramirez,M,2026-01-16,16.83,Amatitlan,Education
502430,Daniel Vargas,M,2026-02-14,431.43,Desconocida,Food
502877,Laura Fuentes,F,2026-02-06,377.97,Quetzaltenango,Education
503729,Isabel Lopez,F,2026-01-28,141.26,Mixco,Food
503793,Pablo Reyes,F,2026-02-01,301.65,Villa Nueva,Education
504633,Daniel Alvarez,F,2026-01-10,251.8,Desconocida,Food
502499,Hector Diaz,F,2026-01-29,245.59,Amatitlan,Services
502488,Pablo Dominguez,M,2026-02-27,252.94,Antigua,Education
500144,Miguel Ramirez,M,2026-01-12,274.15,Antigua,Services
500547,Rene  Morales,F,2026-01-12,121.26,Escuintla,Education
504025,Gabriela Ruiz,M,2026-02-28,465.73,Mixco,Services
501171,Ana Lima,F,2026-02-01,413.33,Mixco,Retail
502948,Pedro Soto,M,2026-02-21,131.01,Mixco,Services
504552,Patricia Molina,F,2026-01-18,266.72,Escuintla,Retail
502240,Carmen  Ramirez,M,2026-02-12,275.94,Chimaltenango,Retail
504416,Carlos  Lopez,M,2026-01-17,345.93,Guatemala,Education
502226,Ana Lima,M,2026-01-12,294.14,Guatemala,Education
500592,Pedro Perez,F,2026-02-17,413.22,Quetzaltenango,Services
503890,Andrea Perez,F,2026-02-24,329.74,Escuintla,Services
500155,Fernando Solis,F,2026-01-18,270.69,Quetzaltenango,Retail
502747,Rene Alvarez,F,2026-01-07,225.46,Mixco,Retail
501307,Daniel Hernandez,M,2026-01-16,239.74,Villa Nueva,Retail
500372,Maria Alvarez,F,2026-02-11,0.39,Quetzaltenango,Services
503957,Oscar Soto,F,2026-02-02,353.34,Quetzaltenango,Services
503419,Valeria  Nunez,M,2026-01-30,287.67,Antigua,Food
504017,Rene Mejia,F,2026-01-22,292.55,Guatemala,Retail
501024,Miguel Vargas,F,2026-01-27,22.01,Escuintla,Retail
501795,Juan Perez,F,2026-01-04,32.24,Antigua,Services
501884,Ana Gomez,F,2026-01-26,282.54,Chimaltenango,Education
502177,Pablo Ortega,M,2026-01-02,494.81,Villa Nueva,Food
500740,Pedro  Soto,M,2026-01-08,340.98,Quetzaltenango,Food
503844,Andrea Mendez,M,2026-02-16,468.08,Villa Nueva,Food
501961,Paola Molina,M,2026-02-11,364.03,Amatitlan,Services
502765,Juan Dominguez,M,2026-02-23,2.8,Chimaltenango,Education
502403,Maria  Rojas,F,2026-01-23,82.58,Antigua,Education
503816,Daniel Diaz,M,2026-02-12,395.29,Villa Nueva,Education
501356,Monica Ramirez,F,2026-02-11,438.96,Quetzaltenango,Food
503267,Carlos  Ruiz,M,2026-01-04,104.31,Guatemala,Retail
501705,Rene Fuentes,F,2026-02-27,176.45,Villa Nueva,Food
504184,Pedro  Cruz,M,2026-01-06,435.76,Quetzaltenango,Retail
503829,Luis Solis,M,2026-02-21,393.51,Guatemala,Food
502135,Miguel Mendez,F,2026-02-12,251.8,Escuintla,Services
501418,Gustavo Herrera,F,2026-02-06,251.8,Chimaltenango,Education
504218,Fernando Mazariegos,F,2026-01-15,178.98,Villa Nueva,Services
502520,Miguel Mejia,F,2026-02-26,448.14,Guatemala,Services
504058,Patricia  Soto,M,2026-01-01,287.09,Escuintla,Retail
504564,Karla Dominguez,M,2026-01-23,387.1,Antigua,Food
502112,Luis Reyes,M,2026-01-07,367.09,Amatitlan,Services
504018,Gabriela  Flores,M,2026-01-17,251.8,Villa Nueva,Food
502711,Valeria Castillo,F,2026-02-23,343.22,Quetzaltenango,Retail
502777,Miguel Mejia,M,2026-03-01,277.94,Mixco,Education
504710,Diana Torres,F,2026-01-15,52.33,Desconocida,Services
501129,Laura Mazariegos,M,2026-01-08,412.69,Escuintla,Retail
501436,Maria Hernandez,M,2026-01-15,491.07,Amatitlan,Food
502780,Valeria Ramirez,M,2026-02-25,232.7,Guatemala,Retail
504417,Valeria Paz,F,2026-01-29,351.48,Amatitlan,Food
501594,Oscar Reyes,F,2026-01-05,489.52,Escuintla,Services
503343,Diana Fuentes,F,2026-01-06,6.97,Escuintla,Food
501948,Fernando Solis,F,2026-01-18,289.64,Antigua,Retail
503376,Sofia Mejia,M,2026-02-20,393.72,Mixco,Education
504457,Fernando Alvarez,M,2026-02-11,251.8,Antigua,Food
502468,Valeria Paz,M,2026-02-14,140.36,Antigua,Food
500135,Sofia Diaz,M,2026-01-09,153.59,Antigua,Food
501470,Kevin Lopez,F,2026-02-14,93.46,Amatitlan,Food
500776,Daniel Soto,M,2026-02-12,367.73,Villa Nueva,Education
502497,Juan  Paz,F,2026-02-14,108.02,Quetzaltenango,Services
500564,Hector Castillo,F,2026-02-26,424.24,Guatemala,Retail
500110,Ana Aguilar,M,2026-02-20,2.1,Amatitlan,Food
504790,Oscar Castillo,F,2026-02-05,342.7,Quetzaltenango,Food
504469,Luis Vargas,F,2026-01-26,196.89,Antigua,Retail
504527,Carmen  Dominguez,M,2026-01-29,284.63,Mixco,Services
501568,Carmen  Herrera,M,2026-02-03,483.01,Villa Nueva,Services
502750,Miguel  Diaz,M,2026-01-26,422.51,Amatitlan,Services
502510,Gustavo Lima,F,2026-01-29,5.91,Amatitlan,Retail
502037,Andrea Dominguez,M,2026-02-21,423.78,Quetzaltenango,Retail
501581,Sofia Ruiz,M,2026-01-11,302.87,Guatemala,Food
501941,Fernando Herrera,M,2026-02-07,388.1,Chimaltenango,Food
503823,Carlos Morales,M,2026-01-30,7.89,Desconocida,Services
500203,Carmen Soto,F,2026-02-09,342.38,Amatitlan,Retail
502264,Kevin Nunez,F,2026-02-11,293.43,Villa Nueva,Services
500425,Oscar  Nunez,F,2026-02-21,494.36,Amatitlan,Food
504567,Valeria Fuentes,F,2026-01-28,21.67,Amatitlan,Food
500193,Andrea Molina,F,2026-02-22,145.39,Desconocida,Food
501198,Diana Mendez,M,2026-01-27,294.39,Quetzaltenango,Services
501890,Valeria  Ortega,M,2026-02-15,400.18,Amatitlan,Food
503139,Oscar Nunez,M,2026-01-07,303.02,Desconocida,Retail
500520,Gabriela Paz,F,2026-02-09,90.5,Mixco,Food
504512,Karla Alvarez,M,2026-02-17,469.89,Guatemala,Food
502992,Hector Cruz,M,2026-02-13,115.02,Escuintla,Education
503912,Gabriela Soto,M,2026-01-08,482.4,Escuintla,Retail
501847,Gabriela Molina,F,2026-02-02,429.28,Quetzaltenango,Services
504253,Gabriela Ruiz,M,2026-01-21,477.03,Escuintla,Services
502433,Laura Fuentes,F,2026-01-31,384.12,Antigua,Retail
500559,Isabel Morales,F,2026-01-15,251.8,Villa Nueva,Retail
500709,Valeria Flores,M,2026-01-09,43.22,Chimaltenango,Services
502477,Daniel Hernandez,F,2026-01-04,251.8,Chimaltenango,Food
503481,Juan Flores,M,2026-02-13,299.02,Villa Nueva,Food
500038,Miguel Ramirez,M,2026-02-19,251.8,Mixco,Education
500426,Maria Molina,F,2026-01-31,374.09,Antigua,Education
502484,Ana Mazariegos,M,2026-02-12,251.8,Amatitlan,Retail
502214,Monica Flores,F,2026-02-03,302.56,Guatemala,Food
501197,Hector Molina,M,2026-01-10,151.25,Guatemala,Services
502644,Patricia  Hernandez,M,2026-01-21,375.51,Antigua,Services
503507,Paola Rojas,F,2026-01-21,235.32,Amatitlan,Education
502290,Ricardo Lima,M,2026-01-23,163.04,Quetzaltenango,Food
503278,Ricardo Solis,M,2026-02-24,41.19,Antigua,Education
500109,Carmen Torres,M,2026-01-12,222.59,Villa Nueva,Food
503412,Andrea Cruz,F,2026-02-10,372.07,Chimaltenango,Food
500498,Laura Mejia,F,2026-02-22,251.8,Mixco,Retail
503812,Juan Gomez,M,2026-02-04,135.85,Chimaltenango,Services
501589,Gustavo  Rojas,M,2026-02-03,397.22,Guatemala,Food
503118,Luis Paz,M,2026-02-23,471.03,Antigua,Services
502307,Patricia Gomez,M,2026-02-13,162.11,Guatemala,Services
502211,Laura Alvarez,F,2026-01-30,148.84,Guatemala,Services
503963,Monica Herrera,F,2026-02-28,138.1,Amatitlan,Services
501813,Karla Molina,F,2026-01-02,415.26,Escuintla,Services
501604,Pedro Hernandez,F,2026-02-26,391.9,Villa Nueva,Education
502776,Isabel Alvarez,M,2026-01-10,241.71,Amatitlan,Retail
503000,Jose  Rojas,F,2026-01-04,251.8,Escuintla,Food
501050,Paola Mazariegos,F,2026-01-09,358.49,Villa Nueva,Retail
501982,Gustavo Alvarez,M,2026-02-15,478.89,Chimaltenango,Retail
502741,Monica Torres,M,2026-01-28,197.56,Desconocida,Food
501605,Patricia Lima,F,2026-02-14,147.21,Antigua,Retail
503023,Patricia Hernandez,M,2026-01-25,251.8,Villa Nueva,Retail
500246,Pablo Hernandez,M,2026-02-03,430.65,Antigua,Retail
500734,Pablo Alvarez,M,2026-01-15,391.26,Quetzaltenango,Retail
500764,Monica  Gomez,M,2026-01-17,449.31,Amatitlan,Services
500281,Gabriela  Lima,F,2026-01-30,251.8,Escuintla,Food
501209,Pablo Molina,M,2026-02-08,487.72,Escuintla,Education
500254,Maria Hernandez,M,2026-01-22,251.8,Antigua,Retail
500550,Elena Ortega,F,2026-02-11,291.65,Quetzaltenango,Education
502852,Isabel  Dominguez,M,2026-01-19,461.13,Guatemala,Services
501250,Hector Dominguez,M,2026-02-10,163.09,Quetzaltenango,Retail
501462,Laura Herrera,F,2026-02-18,473.64,Amatitlan,Services
502897,Sofia Mendez,M,2026-01-14,34.19,Mixco,Food
501759,Jose Soto,M,2026-02-09,206.45,Guatemala,Education
501223,Rene Soto,M,2026-02-03,207.57,Mixco,Retail
501642,Ana Mendez,M,2026-02-05,50.71,Guatemala,Education
504784,Pedro Aguilar,F,2026-01-14,14.6,Chimaltenango,Education
500394,Patricia Lopez,F,2026-01-30,139.67,Antigua,Services
504645,Kevin Reyes,M,2026-02-02,344.45,Mixco,Food
503461,Hector Herrera,M,2026-02-04,261.96,Antigua,Food
500387,Jose Diaz,M,2026-02-21,225.44,Chimaltenango,Retail
503053,Maria Herrera,F,2026-02-28,491.11,Antigua,Services
500772,Fernando  Mejia,F,2026-01-18,251.8,Chimaltenango,Education
500829,Sofia Alvarez,F,2026-01-09,136.36,Guatemala,Education
500182,Andrea  Alvarez,F,2026-01-15,303.45,Escuintla,Retail
503144,Gabriela Mazariegos,M,2026-02-08,251.8,Villa Nueva,Services
501474,Miguel Rojas,M,2026-01-20,112.86,Villa Nueva,Food
504632,Ana Mazariegos,M,2026-01-11,303.67,Amatitlan,Retail
503165,Patricia Hernandez,M,2026-01-17,251.8,Escuintla,Food
504151,Daniel Rojas,M,2026-01-06,342.24,Escuintla,Retail
501440,Carmen Mazariegos,F,2026-02-02,351.62,Chimaltenango,Food
503950,Kevin Ramirez,F,2026-01-02,230.31,Amatitlan,Education
500420,Carmen Vargas,M,2026-02-01,96.8,Antigua,Retail
500669,Monica Morales,M,2026-02-15,131.49,Guatemala,Food
501771,Gabriela  Dominguez,F,2026-01-09,125.92,Mixco,Education
502633,Diana Mejia,F,2026-01-14,396.98,Chimaltenango,Food
501003,Miguel Gomez,F,2026-01-10,307.28,Mixco,Services
504229,Gabriela Lopez,F,2026-01-04,11.97,Chimaltenango,Retail
503902,Sofia Flores,M,2026-01-06,164.08,Antigua,Services
501917,Oscar  Mendez,M,2026-01-17,286.2,Escuintla,Food
503357,Pedro Ortega,M,2026-02-14,251.8,Chimaltenango,Education
501319,Karla Rojas,F,2026-02-17,251.25,Guatemala,Services
501548,Oscar Morales,F,2026-02-02,234.04,Amatitlan,Food
503034,Rene Ortega,M,2026-01-30,389.52,Escuintla,Education
503405,Hector Aguilar,M,2026-01-27,140.04,Escuintla,Food
500573,Oscar  Ortega,F,2026-02-03,57.96,Amatitlan,Retail
502714,Monica Morales,F,2026-01-06,19.51,Escuintla,Education
501787,Miguel Solis,M,2026-01-06,251.8,Escuintla,Services
500741,Carmen Flores,M,2026-02-23,316.32,Amatitlan,Retail
503508,Kevin Castillo,F,2026-01-13,250.94,Villa Nueva,Food
500278,Paola Solis,F,2026-02-18,251.8,Quetzaltenango,Education
504139,Andrea  Solis,F,2026-01-27,17.38,Escuintla,Services
502599,Fernando Soto,F,2026-02-23,95.44,Chimaltenango,Education
501687,Oscar Molina,F,2026-01-28,117.45,Escuintla,Services
501532,Daniel  Cruz,F,2026-02-19,107.19,Mixco,Retail
503654,Diana Mejia,M,2026-02-06,445.62,Quetzaltenango,Education
502638,Juan Fuentes,M,2026-01-16,455.35,Desconocida,Retail
503064,Elena Dominguez,F,2026-02-17,251.8,Antigua,Education
504273,Patricia Vargas,F,2026-02-09,125.89,Amatitlan,Services
502340,Daniel Nunez,F,2026-01-09,251.8,Villa Nueva,Retail
504123,Patricia Fuentes,F,2026-03-01,210.39,Amatitlan,Education
504839,Laura Paz,F,2026-02-21,328.05,Chimaltenango,Food
501889,Isabel Gomez,M,2026-01-02,68.44,Quetzaltenango,Retail
504069,Kevin Soto,F,2026-02-14,224.67,Quetzaltenango,Services
500378,Rene Flores,M,2026-02-16,140.1,Quetzaltenango,Education
504550,Jose Aguilar,M,2026-02-25,182.88,Amatitlan,Education
501184,Patricia Hernandez,F,2026-01-27,174.31,Chimaltenango,Services
500635,Maria Gomez,F,2026-02-28,251.8,Chimaltenango,Services
503104,Elena Alvarez,M,2026-02-03,251.8,Amatitlan,Retail
503331,Kevin Dominguez,F,2026-01-16,4.54,Amatitlan,Retail
500667,Monica Castillo,F,2026-02-06,350.57,Quetzaltenango,Retail
503245,Isabel Fuentes,F,2026-02-11,251.8,Guatemala,Education
501577,Isabel  Gomez,M,2026-02-17,483.63,Antigua,Food
503680,Pablo Torres,F,2026-02-18,389.67,Villa Nueva,Food
502630,Rene Mazariegos,M,2026-02-28,447.56,Antigua,Retail
501885,Gabriela  Paz,F,2026-01-02,254.45,Desconocida,Food
501622,Jose Diaz,M,2026-02-05,288.29,Quetzaltenango,Food
500659,Luis Ruiz,F,2026-02-12,484.39,Villa Nueva,Retail
501891,Kevin Perez,M,2026-01-03,256.82,Antigua,Services
500080,Gustavo Alvarez,M,2026-01-14,39.82,Guatemala,Food
502953,Ricardo Reyes,M,2026-01-27,392.85,Antigua,Retail
500076,Gabriela Torres,F,2026-01-13,251.8,Escuintla,Retail
503911,Rene Lima,M,2026-01-14,34.0,Villa Nueva,Services
501030,Daniel Castillo,M,2026-02-05,390.53,Villa Nueva,Food
504060,Ricardo  Morales,M,2026-02-16,395.94,Mixco,Food
502347,Pablo Fuentes,F,2026-01-13,458.14,Desconocida,Food
500916,Ricardo Aguilar,M,2026-02-24,61.11,Mixco,Food
501968,Fernando Fuentes,M,2026-01-15,279.95,Villa Nueva,Food
504601,Gustavo Gomez,M,2026-02-12,321.85,Guatemala,Food
503016,Hector Gomez,F,2026-01-13,279.82,Escuintla,Food
501399,Pedro Paz,F,2026-02-08,379.45,Antigua,Retail
503489,Paola Perez,M,2026-02-12,171.11,Quetzaltenango,Education
502271,Hector Reyes,F,2026-02-22,375.64,Escuintla,Education
503009,Miguel Perez,M,2026-01-09,463.62,Guatemala,Services
501902,Maria Perez,M,2026-02-25,403.05,Escuintla,Food
504287,Pablo Ortega,M,2026-01-30,191.18,Mixco,Food
502941,Patricia Ruiz,F,2026-02-04,121.01,Villa Nueva,Food
504521,Elena Mendez,F,2026-02-11,373.88,Amatitlan,Education
504609,Fernando Mazariegos,M,2026-01-16,332.04,Quetzaltenango,Education
503647,Gabriela Alvarez,F,2026-01-05,281.81,Quetzaltenango,Education
501169,Gustavo Rojas,M,2026-02-08,476.44,Escuintla,Services
502544,Juan Mendez,M,2026-01-21,96.97,Guatemala,Retail
504344,Diana Aguilar,F,2026-02-23,197.7,Mixco,Education
503369,Carlos  Hernandez,F,2026-01-04,398.16,Mixco,Retail
501180,Carlos Mendez,F,2026-01-01,190.59,Amatitlan,Services
503828,Karla  Solis,F,2026-01-24,287.08,Escuintla,Retail
501994,Fernando Flores,F,2026-02-15,305.06,Guatemala,Food
501746,Pablo  Gomez,M,2026-02-08,452.39,Antigua,Retail
502581,Andrea Perez,M,2026-02-19,434.79,Chimaltenango,Retail
503577,Elena Soto,F,2026-01-10,405.77,Mixco,Food
502706,Hector Mejia,F,2026-02-11,292.49,Amatitlan,Retail
501553,Valeria  Gomez,F,2026-02-17,77.98,Amatitlan,Food
503622,Fernando Ruiz,F,2026-01-08,390.47,Guatemala,Services
503207,Ricardo Dominguez,F,2026-02-07,261.87,Mixco,Education
504653,Maria Torres,M,2026-02-15,80.26,Chimaltenango,Food
504254,Rene Morales,F,2026-01-22,450.8,Mixco,Services
502344,Maria Soto,M,2026-01-02,337.02,Quetzaltenango,Food
500323,Sofia Solis,M,2026-01-08,167.49,Desconocida,Food
500784,Ricardo Vargas,F,2026-01-11,25.41,Escuintla,Services
501954,Andrea Morales,F,2026-01-20,79.88,Chimaltenango,Services
500744,Juan Lima,M,2026-01-13,428.8,Quetzaltenango,Education
500328,Carlos Cruz,F,2026-02-03,498.95,Quetzaltenango,Food
500767,Kevin Molina,M,2026-01-15,257.31,Antigua,Education
504705,Gustavo Molina,F,2026-02-23,60.42,Chimaltenango,Retail
500046,Gustavo Ortega,F,2026-02-03,163.52,Quetzaltenango,Retail
504451,Rene Rojas,M,2026-01-29,174.68,Villa Nueva,Retail
503487,Laura Reyes,M,2026-02-05,186.39,Mixco,Services
501052,Diana  Reyes,F,2026-02-23,379.67,Escuintla,Retail
502293,Patricia  Ortega,F,2026-02-22,251.8,Antigua,Education
501545,Gabriela Alvarez,M,2026-01-18,145.57,Quetzaltenango,Education
503354,Carmen  Rojas,M,2026-01-20,26.47,Guatemala,Food
500789,Monica Ramirez,F,2026-01-13,219.2,Quetzaltenango,Food
504177,Fernando Castillo,F,2026-02-05,485.05,Villa Nueva,Food
501430,Daniel Lima,F,2026-01-14,51.81,Chimaltenango,Food
501991,Gabriela Reyes,M,2026-02-18,66.93,Guatemala,Services
502912,Juan Flores,F,2026-01-17,447.73,Villa Nueva,Food
503544,Maria Cruz,F,2026-02-01,99.62,Mixco,Services
501244,Diana  Mendez,M,2026-01-05,7.72,Amatitlan,Education
503130,Patricia Dominguez,M,2026-01-28,222.9,Amatitlan,Services
500011,Gabriela  Dominguez,F,2026-01-25,354.39,Amatitlan,Education
500122,Rene Lopez,F,2026-01-02,87.19,Antigua,Education
502933,Gustavo  Dominguez,M,2026-01-02,421.64,Chimaltenango,Retail
502660,Pablo Solis,M,2026-01-08,208.19,Antigua,Services
503385,Carlos Gomez,F,2026-01-06,329.34,Quetzaltenango,Education
500724,Sofia  Dominguez,M,2026-01-25,68.42,Quetzaltenango,Retail
501899,Luis  Alvarez,M,2026-01-26,105.52,Villa Nueva,Education
503561,Maria  Perez,F,2026-02-24,200.34,Chimaltenango,Education
502922,Ana Fuentes,M,2026-02-26,154.84,Mixco,Services
501289,Patricia Mendez,M,2026-01-21,394.03,Villa Nueva,Education
501252,Miguel Rojas,F,2026-01-06,322.61,Guatemala,Services
502876,Rene Cruz,F,2026-01-10,367.28,Villa Nueva,Education
501872,Laura Nunez,M,2026-02-04,414.49,Antigua,Services
502871,Luis Ramirez,F,2026-01-15,498.26,Escuintla,Retail
500852,Luis Alvarez,F,2026-02-27,402.5,Antigua,Food
501641,Gustavo Morales,F,2026-02-08,28.93,Quetzaltenango,Food
501247,Juan Fuentes,M,2026-02-17,310.27,Guatemala,Services
502947,Kevin Lima,M,2026-01-17,279.05,Antigua,Services
501283,Isabel Flores,F,2026-02-09,350.43,Desconocida,Retail
501322,Fernando Mendez,F,2026-01-07,285.66,Chimaltenango,Retail
502259,Jose  Dominguez,F,2026-01-19,35.27,Villa Nueva,Services
503671,Monica Mazariegos,F,2026-02-15,22.82,Quetzaltenango,Retail
503811,Carmen Paz,M,2026-02-18,416.65,Escuintla,Retail
502693,Ana Reyes,F,2026-01-21,83.04,Quetzaltenango,Food
500773,Sofia Paz,M,2026-01-20,428.68,Antigua,Food
500627,Carmen Hernandez,M,2026-01-21,251.8,Desconocida,Retail
504214,Carlos Cruz,M,2026-01-16,473.56,Guatemala,Retail
504860,Hector Ruiz,F,2026-01-31,441.44,Antigua,Retail
501156,Oscar Cruz,M,2026-02-27,212.48,Guatemala,Services
504190,Maria Alvarez,M,2026-01-20,103.87,Antigua,Retail
500148,Monica  Mazariegos,F,2026-01-02,192.08,Desconocida,Food
500518,Luis  Ramirez,M,2026-01-06,245.59,Mixco,Food
504255,Luis Paz,F,2026-01-01,175.17,Amatitlan,Education
504778,Ana  Castillo,M,2026-02-06,149.31,Antigua,Services
504338,Diana Aguilar,M,2026-01-29,251.8,Chimaltenango,Education
501926,Valeria Ramirez,M,2026-02-04,251.8,Mixco,Food
504816,Miguel Cruz,M,2026-01-12,91.3,Amatitlan,Retail
500438,Gustavo Mejia,M,2026-02-28,305.65,Guatemala,Food
504185,Kevin Herrera,F,2026-02-13,186.84,Escuintla,Education
502414,Gustavo  Castillo,F,2026-02-28,398.6,Quetzaltenango,Education
502425,Sofia Morales,M,2026-02-19,314.27,Antigua,Education
502333,Hector Lima,M,2026-01-29,218.57,Desconocida,Food
500143,Gustavo  Nunez,F,2026-02-01,71.7,Escuintla,Services
500664,Pedro  Flores,M,2026-01-20,479.97,Guatemala,Services
502982,Hector Ortega,M,2026-01-09,333.66,Chimaltenango,Retail
500706,Ana Soto,F,2026-01-27,256.42,Guatemala,Services
503750,Andrea Flores,F,2026-01-24,480.7,Amatitlan,Retail
502108,Valeria Nunez,F,2026-02-20,92.65,Escuintla,Retail
504170,Elena Torres,F,2026-01-08,402.65,Amatitlan,Food
504497,Patricia Molina,M,2026-01-10,251.8,Amatitlan,Retail
504033,Rene Solis,M,2026-01-25,373.99,Villa Nueva,Retail
502913,Laura Solis,M,2026-02-12,291.04,Villa Nueva,Education
501231,Gabriela Perez,F,2026-02-07,403.43,Escuintla,Education
502936,Elena Mendez,F,2026-01-04,477.04,Escuintla,Education
502961,Sofia Torres,M,2026-02-26,357.61,Guatemala,Education
501400,Fernando Lopez,M,2026-01-24,350.25,Escuintla,Retail
502173,Laura Cruz,F,2026-03-01,481.22,Amatitlan,Education
502452,Kevin Flores,M,2026-01-22,9.37,Quetzaltenango,Services
500225,Valeria Ruiz,F,2026-02-15,336.82,Quetzaltenango,Retail
503688,Valeria Gomez,M,2026-02-01,11.61,Chimaltenango,Education
501500,Juan Diaz,F,2026-01-24,322.02,Amatitlan,Services
500213,Monica Molina,F,2026-01-05,103.2,Guatemala,Services
501178,Gabriela Mejia,F,2026-01-28,251.8,Antigua,Retail
500851,Oscar Soto,M,2026-01-17,192.98,Amatitlan,Education
501708,Kevin Rojas,M,2026-01-27,79.82,Antigua,Education
501661,Jose Vargas,F,2026-01-08,207.78,Mixco,Education
502458,Rene Dominguez,M,2026-01-27,251.8,Quetzaltenango,Food
503983,Gustavo Molina,M,2026-02-04,429.94,Desconocida,Services
502532,Jose Hernandez,M,2026-01-08,251.8,Villa Nueva,Retail
503511,Ricardo Alvarez,M,2026-01-12,346.25,Antigua,Retail
503748,Gustavo Lima,F,2026-02-04,379.32,Villa Nueva,Services
500563,Andrea Alvarez,M,2026-01-14,498.59,Guatemala,Food
504381,Laura Perez,M,2026-01-11,116.28,Escuintla,Retail
504163,Patricia Reyes,F,2026-02-20,310.78,Mixco,Services
502889,Hector Castillo,F,2026-01-03,296.78,Escuintla,Services
501048,Kevin Flores,M,2026-02-18,352.78,Chimaltenango,Services
502232,Oscar Ramirez,F,2026-01-31,411.6,Amatitlan,Services
501122,Carmen Rojas,M,2026-02-14,460.87,Antigua,Food
501327,Ana Vargas,F,2026-01-05,258.13,Antigua,Food
502842,Oscar Rojas,M,2026-01-05,251.8,Escuintla,Education
500313,Karla Nunez,M,2026-01-03,184.23,Villa Nueva,Food
504495,Gustavo Hernandez,F,2026-02-22,487.07,Villa Nueva,Education
504518,Monica Paz,M,2026-02-25,313.65,Amatitlan,Retail
503340,Karla Cruz,F,2026-02-16,392.51,Guatemala,Retail
501819,Luis  Herrera,M,2026-02-12,83.22,Mixco,Education
501100,Karla Vargas,F,2026-01-21,388.7,Guatemala,Education
501273,Maria Castillo,M,2026-01-17,287.2,Villa Nueva,Retail
500430,Diana Reyes,M,2026-01-11,382.17,Guatemala,Education
501456,Paola Aguilar,F,2026-02-16,264.83,Quetzaltenango,Services
501405,Gustavo Herrera,M,2026-01-18,45.73,Antigua,Education
502125,Paola Alvarez,M,2026-01-22,357.56,Guatemala,Food
502258,Ricardo Lopez,F,2026-01-09,303.16,Quetzaltenango,Education
501557,Juan Mejia,F,2026-01-23,470.29,Antigua,Education
501179,Paola Ramirez,F,2026-02-26,304.22,Villa Nueva,Food
504896,Isabel  Mendez,F,2026-02-09,63.2,Amatitlan,Education
503048,Andrea  Hernandez,M,2026-01-23,117.04,Chimaltenango,Food
503307,Laura Perez,M,2026-01-06,472.39,Escuintla,Food
503299,Ana Mendez,F,2026-01-26,443.83,Mixco,Food
502225,Pedro Morales,F,2026-02-07,114.75,Villa Nueva,Services
501621,Kevin Perez,F,2026-02-15,130.8,Quetzaltenango,Food
504280,Paola Ramirez,M,2026-02-16,78.09,Chimaltenango,Food
502260,Oscar  Vargas,M,2026-01-05,333.31,Quetzaltenango,Retail
504396,Ricardo Mendez,F,2026-02-06,124.77,Antigua,Education
502500,Carlos Mendez,M,2026-02-17,151.5,Chimaltenango,Education
502673,Oscar Lima,F,2026-02-19,158.52,Guatemala,Services
502890,Pedro Rojas,M,2026-01-18,382.79,Villa Nueva,Food
502578,Isabel  Perez,F,2026-01-16,251.8,Amatitlan,Retail
503586,Gustavo Vargas,F,2026-01-26,339.94,Antigua,Retail
502486,Miguel Ruiz,F,2026-01-16,361.97,Quetzaltenango,Education
502707,Isabel Lopez,F,2026-01-04,95.54,Quetzaltenango,Education
500955,Gustavo Castillo,F,2026-01-20,184.73,Chimaltenango,Services
501053,Rene Aguilar,F,2026-01-18,239.41,Chimaltenango,Retail
502445,Pablo Vargas,F,2026-02-22,499.59,Quetzaltenango,Education
502804,Carlos Molina,F,2026-03-01,355.0,Guatemala,Food
500889,Gustavo Lima,F,2026-01-20,115.78,Escuintla,Education
503060,Ricardo Ortega,F,2026-01-24,134.47,Mixco,Food
500140,Oscar Mejia,M,2026-01-02,57.32,Amatitlan,Education
500630,Miguel Solis,F,2026-01-25,211.71,Escuintla,Food
500050,Carmen Diaz,F,2026-01-22,6.53,Antigua,Food
501907,Jose Perez,M,2026-02-18,251.8,Mixco,Services
503372,Pablo Morales,M,2026-01-20,478.65,Antigua,Services
500470,Monica Herrera,M,2026-02-28,142.37,Antigua,Services
500892,Luis Alvarez,F,2026-01-10,1.52,Chimaltenango,Services
502808,Luis  Solis,F,2026-01-16,444.98,Villa Nueva,Retail
500653,Valeria Mendez,F,2026-01-13,82.11,Guatemala,Retail
503641,Isabel Mendez,M,2026-01-06,27.71,Desconocida,Education
501203,Luis Aguilar,F,2026-02-23,202.94,Antigua,Food
504377,Daniel Aguilar,F,2026-02-09,169.67,Villa Nueva,Education
504169,Paola Dominguez,F,2026-02-03,277.53,Chimaltenango,Retail
500188,Carlos  Nunez,F,2026-02-02,436.8,Villa Nueva,Retail
503723,Valeria  Alvarez,F,2026-02-09,155.79,Guatemala,Food
502154,Daniel Molina,F,2026-01-24,225.94,Antigua,Services
500743,Monica Ramirez,M,2026-02-08,7.21,Quetzaltenango,Services
501914,Carlos Rojas,F,2026-02-24,380.69,Chimaltenango,Services
503449,Fernando Reyes,F,2026-02-22,164.43,Villa Nueva,Services
502856,Andrea Lopez,F,2026-02-07,95.3,Villa Nueva,Food
500794,Ricardo Vargas,F,2026-01-26,67.73,Escuintla,Services
500911,Laura Morales,F,2026-01-07,114.52,Escuintla,Retail
500055,Diana Solis,F,2026-02-05,51.28,Chimaltenango,Food
502596,Ricardo Gomez,M,2026-01-03,419.58,Antigua,Education
500754,Diana Reyes,F,2026-01-07,10.35,Guatemala,Food
504268,Karla Rojas,M,2026-01-08,434.5,Desconocida,Services
504856,Laura Solis,M,2026-01-12,485.49,Villa Nueva,Food
503826,Rene Aguilar,F,2026-01-14,246.85,Antigua,Services
501300,Sofia Mendez,M,2026-01-18,251.8,Guatemala,Food
503883,Kevin Paz,F,2026-03-01,178.78,Quetzaltenango,Education
500766,Gustavo Soto,F,2026-01-17,244.24,Mixco,Education
500041,Elena Cruz,M,2026-02-28,273.67,Amatitlan,Retail
504088,Fernando Mendez,M,2026-01-02,251.8,Escuintla,Food
501293,Sofia Alvarez,F,2026-02-07,276.02,Amatitlan,Education
500329,Ricardo Solis,F,2026-02-01,251.8,Chimaltenango,Food
504735,Ana Diaz,F,2026-02-13,267.73,Chimaltenango,Retail
500488,Maria Ruiz,M,2026-02-14,423.9,Chimaltenango,Retail
503424,Pedro Cruz,F,2026-01-13,8.97,Guatemala,Food
504198,Valeria Molina,F,2026-02-01,376.82,Chimaltenango,Retail
501730,Pablo Lima,F,2026-02-21,461.01,Chimaltenango,Services
502502,Isabel Solis,M,2026-02-24,479.42,Desconocida,Food
503513,Luis Rojas,M,2026-02-18,115.17,Amatitlan,Retail
503043,Karla Cruz,F,2026-01-27,78.64,Amatitlan,Education
501058,Karla Fuentes,F,2026-01-20,426.93,Mixco,Education
504461,Paola  Lima,F,2026-01-04,239.37,Escuintla,Education
502729,Ana Hernandez,F,2026-01-29,263.81,Quetzaltenango,Services
504523,Ana Paz,F,2026-02-08,268.09,Amatitlan,Retail
504641,Pablo Ramirez,F,2026-02-16,97.47,Escuintla,Food
503355,Kevin Castillo,M,2026-01-02,117.66,Antigua,Education
500303,Kevin Hernandez,F,2026-01-03,319.35,Amatitlan,Food
502001,Pablo  Nunez,F,2026-02-21,373.28,Amatitlan,Services
503582,Laura Ramirez,M,2026-02-03,438.5,Chimaltenango,Education
504172,Jose Lima,M,2026-02-04,212.78,Chimaltenango,Education
504531,Oscar Alvarez,F,2026-02-04,406.66,Chimaltenango,Services
502104,Monica Alvarez,M,2026-01-12,52.16,Guatemala,Food
503198,Patricia Fuentes,M,2026-02-08,284.1,Antigua,Services
500969,Elena Mejia,M,2026-01-23,96.28,Quetzaltenango,Services
503618,Hector Lima,M,2026-01-01,395.69,Guatemala,Education
500437,Valeria Nunez,F,2026-01-08,400.17,Quetzaltenango,Food
500876,Daniel Ortega,F,2026-01-29,449.12,Guatemala,Services
504786,Miguel Diaz,F,2026-02-21,335.8,Amatitlan,Services
504468,Juan Soto,F,2026-01-09,47.3,Quetzaltenango,Food
502312,Isabel Mazariegos,F,2026-02-17,0.42,Quetzaltenango,Retail
502642,Laura Aguilar,M,2026-02-24,483.86,Escuintla,Services
500825,Rene  Morales,M,2026-02-09,251.8,Chimaltenango,Food
504326,Gabriela  Paz,M,2026-01-04,158.69,Amatitlan,Services
504664,Monica Molina,F,2026-01-05,58.36,Antigua,Education
502848,Monica Paz,F,2026-01-16,417.9,Antigua,Retail
500024,Ricardo Gomez,M,2026-01-31,409.38,Chimaltenango,Education
502920,Karla Mazariegos,M,2026-01-29,404.55,Antigua,Retail
502282,Elena Mejia,M,2026-02-24,251.8,Amatitlan,Education
502025,Karla Lopez,F,2026-01-15,87.71,Escuintla,Education
503273,Patricia Mazariegos,F,2026-02-11,133.94,Antigua,Retail
504427,Andrea Rojas,M,2026-02-20,251.8,Mixco,Services
503758,Elena Soto,M,2026-01-21,248.67,Escuintla,Food
504777,Patricia Mazariegos,M,2026-01-05,469.37,Guatemala,Food
504701,Fernando  Nunez,F,2026-02-25,90.02,Mixco,Services
502406,Daniel Vargas,F,2026-01-30,438.07,Antigua,Services
502355,Carlos Mendez,F,2026-01-10,438.45,Escuintla,Food
504774,Isabel Dominguez,F,2026-02-26,251.8,Mixco,Food
504889,Jose Reyes,F,2026-01-30,79.57,Guatemala,Retail
502997,Rene Rojas,M,2026-02-08,327.33,Chimaltenango,Education
503292,Pablo Mejia,F,2026-01-10,251.8,Antigua,Food
501074,Andrea Herrera,M,2026-02-03,360.85,Quetzaltenango,Retail
501062,Juan  Dominguez,M,2026-02-20,278.34,Guatemala,Retail
503259,Ana Ramirez,F,2026-01-27,437.13,Villa Nueva,Education
501784,Luis Nunez,M,2026-02-24,295.88,Mixco,Retail
502439,Carmen Fuentes,M,2026-02-26,392.29,Mixco,Food
504803,Carmen  Castillo,F,2026-02-18,251.8,Quetzaltenango,Education
504489,Juan Cruz,M,2026-02-01,251.8,Escuintla,Services
502858,Daniel Mendez,M,2026-01-02,472.24,Chimaltenango,Retail
502694,Sofia Ruiz,F,2026-01-27,251.8,Chimaltenango,Education
501192,Juan Aguilar,M,2026-01-21,152.74,Antigua,Education
501138,Laura Nunez,M,2026-02-20,478.02,Desconocida,Retail
502817,Ricardo Ramirez,F,2026-02-21,178.58,Chimaltenango,Retail
503232,Rene Ruiz,F,2026-01-13,488.18,Amatitlan,Education
501433,Andrea Aguilar,M,2026-02-08,432.66,Chimaltenango,Services
504181,Valeria Flores,F,2026-02-26,279.71,Chimaltenango,Food
504228,Andrea Perez,M,2026-02-13,158.32,Desconocida,Retail
502952,Miguel Mendez,F,2026-02-07,15.59,Chimaltenango,Food
501793,Pedro  Vargas,F,2026-01-25,329.79,Villa Nueva,Retail
501874,Elena Ramirez,F,2026-01-05,315.68,Quetzaltenango,Food
502143,Carmen Cruz,F,2026-01-02,301.67,Villa Nueva,Retail
502390,Valeria  Hernandez,M,2026-02-23,336.45,Antigua,Services
501015,Carlos Alvarez,M,2026-02-01,227.32,Escuintla,Education
502988,Pablo Vargas,F,2026-02-14,324.13,Amatitlan,Services
500817,Gabriela Castillo,M,2026-02-23,251.8,Amatitlan,Retail
501984,Rene Rojas,M,2026-01-22,185.56,Quetzaltenango,Food
502978,Carmen Ortega,F,2026-02-05,187.21,Quetzaltenango,Education
504301,Isabel Ortega,M,2026-01-30,224.5,Villa Nueva,Food
500487,Carlos Mazariegos,M,2026-02-16,251.8,Mixco,Retail
504186,Gustavo  Diaz,F,2026-02-07,414.78,Villa Nueva,Retail
502046,Elena Ortega,M,2026-02-08,260.16,Villa Nueva,Services
500005,Luis Ruiz,M,2026-02-05,430.98,Villa Nueva,Education
500063,Hector Torres,M,2026-02-11,2.11,Amatitlan,Education
504435,Carmen Ramirez,M,2026-02-16,77.3,Guatemala,Retail
504246,Gabriela Diaz,F,2026-01-10,421.85,Quetzaltenango,Food
500838,Patricia Torres,F,2026-02-22,156.94,Chimaltenango,Services
502356,Oscar Molina,M,2026-01-26,462.03,Amatitlan,Services
504486,Juan Hernandez,F,2026-01-29,232.42,Guatemala,Food
504426,Ana Ramirez,F,2026-02-02,385.0,Quetzaltenango,Food
502919,Maria  Lopez,M,2026-02-05,42.71,Chimaltenango,Education
500302,Rene Torres,F,2026-01-09,276.74,Amatitlan,Education
503455,Andrea Mejia,F,2026-01-04,97.31,Escuintla,Food
502556,Andrea Rojas,M,2026-01-16,223.24,Mixco,Retail
502846,Valeria  Vargas,M,2026-01-20,18.62,Chimaltenango,Education
504674,Sofia  Alvarez,F,2026-02-09,104.67,Chimaltenango,Education
500324,Jose Dominguez,M,2026-02-17,146.06,Escuintla,Education
504087,Maria Molina,M,2026-01-20,251.8,Villa Nueva,Services
501454,Ana Diaz,M,2026-01-19,314.31,Amatitlan,Food
501096,Maria Lima,F,2026-01-18,384.97,Chimaltenango,Food
501425,Ana Diaz,M,2026-02-22,156.33,Chimaltenango,Retail
503769,Rene Dominguez,F,2026-02-23,275.18,Mixco,Education
502050,Rene Nunez,F,2026-02-03,251.8,Desconocida,Food
503334,Carlos  Soto,F,2026-02-17,203.88,Mixco,Education
503575,Pablo Reyes,F,2026-02-14,82.68,Quetzaltenango,Retail
501190,Isabel Cruz,M,2026-01-19,199.91,Villa Nueva,Retail
503041,Pedro Paz,M,2026-02-25,251.8,Escuintla,Retail
500304,Andrea Morales,F,2026-01-24,9.17,Villa Nueva,Education
500583,Ricardo Perez,M,2026-01-12,346.18,Antigua,Education
502746,Andrea Cruz,M,2026-01-02,238.0,Quetzaltenango,Services
501919,Pedro Herrera,F,2026-01-13,341.24,Amatitlan,Services
500952,Pedro Gomez,F,2026-02-18,34.4,Mixco,Retail
504876,Maria Fuentes,F,2026-02-02,433.77,Quetzaltenango,Education
503633,Ricardo  Gomez,F,2026-02-01,251.8,Chimaltenango,Food
504310,Luis Ortega,F,2026-01-12,224.63,Chimaltenango,Education
501141,Valeria  Soto,M,2026-02-08,412.83,Mixco,Food
503234,Carmen  Diaz,F,2026-02-17,359.96,Antigua,Retail
502035,Pablo Hernandez,F,2026-02-15,457.67,Mixco,Retail
500388,Juan Herrera,F,2026-02-18,202.47,Desconocida,Education
502866,Laura Soto,F,2026-02-24,388.99,Quetzaltenango,Food
501187,Elena Ortega,M,2026-01-11,44.77,Mixco,Services
502823,Carmen Ortega,F,2026-02-13,287.01,Mixco,Education
502865,Rene Hernandez,M,2026-02-15,15.66,Antigua,Education
500422,Kevin Lopez,M,2026-01-30,224.88,Desconocida,Retail
503302,Luis Lopez,F,2026-01-22,474.92,Amatitlan,Food
501361,Andrea Ortega,F,2026-01-08,251.8,Mixco,Retail
501468,Pedro Fuentes,M,2026-02-24,251.8,Chimaltenango,Retail
500920,Valeria  Ramirez,F,2026-02-19,165.87,Villa Nueva,Services
503169,Oscar Mejia,F,2026-02-08,311.49,Mixco,Services
501742,Miguel Reyes,F,2026-01-09,389.75,Chimaltenango,Retail
503658,Daniel Ramirez,F,2026-02-18,355.05,Guatemala,Food
504873,Rene Cruz,F,2026-03-01,413.01,Guatemala,Retail
501357,Gustavo Morales,F,2026-01-31,22.65,Antigua,Retail
502157,Oscar Perez,F,2026-01-22,251.8,Villa Nueva,Services
503681,Rene Herrera,M,2026-02-28,448.59,Guatemala,Services
504076,Carmen Morales,M,2026-01-30,244.83,Antigua,Education
504369,Gabriela Alvarez,M,2026-01-06,159.77,Antigua,Services
502086,Diana Diaz,M,2026-02-16,336.91,Escuintla,Education
501370,Laura Perez,M,2026-02-21,251.8,Chimaltenango,Education
501123,Valeria Ortega,M,2026-01-05,124.53,Desconocida,Education
502028,Luis Hernandez,F,2026-01-11,251.8,Quetzaltenango,Retail
501182,Diana Morales,F,2026-02-03,275.49,Amatitlan,Retail
503407,Fernando  Morales,F,2026-01-07,458.92,Villa Nueva,Retail
501099,Monica Reyes,M,2026-02-15,114.23,Antigua,Food
501290,Oscar  Lopez,M,2026-01-10,65.18,Amatitlan,Education
500879,Patricia Herrera,M,2026-02-25,357.59,Desconocida,Education
504094,Miguel Ramirez,F,2026-01-07,368.14,Escuintla,Services
503734,Kevin Paz,M,2026-02-04,203.42,Escuintla,Retail
504811,Isabel Aguilar,F,2026-02-22,32.5,Quetzaltenango,Retail
503541,Laura  Aguilar,M,2026-02-10,251.8,Quetzaltenango,Food
504898,Paola  Rojas,M,2026-02-20,122.01,Amatitlan,Retail
503637,Paola Lima,M,2026-01-05,8.35,Amatitlan,Education
502379,Miguel Molina,M,2026-01-13,434.54,Quetzaltenango,Education
500936,Fernando Nunez,M,2026-01-07,214.18,Antigua,Services
502963,Sofia Solis,F,2026-01-10,163.04,Villa Nueva,Food
500704,Hector Aguilar,F,2026-02-11,245.72,Chimaltenango,Education
500306,Oscar Vargas,F,2026-01-30,358.05,Guatemala,Retail
504421,Diana  Mazariegos,F,2026-02-16,306.28,Antigua,Food
500381,Diana Cruz,F,2026-02-27,251.8,Villa Nueva,Retail
501193,Gabriela Diaz,M,2026-01-18,374.76,Mixco,Education
503359,Kevin Ruiz,F,2026-02-22,293.7,Mixco,Services
500639,Carmen Soto,F,2026-01-01,324.91,Quetzaltenango,Services
500810,Carmen Ruiz,M,2026-02-04,210.86,Guatemala,Education
503103,Patricia Flores,M,2026-02-12,88.89,Antigua,Services
503492,Monica  Castillo,M,2026-01-14,395.76,Mixco,Education
503261,Daniel Mejia,M,2026-01-09,97.29,Chimaltenango,Retail
502701,Luis Ramirez,M,2026-02-15,323.01,Mixco,Education
501704,Pablo Reyes,M,2026-01-08,251.8,Mixco,Food
500234,Jose Mejia,F,2026-01-30,451.13,Antigua,Retail
502052,Elena  Mejia,M,2026-01-23,236.66,Chimaltenango,Services
500885,Fernando  Lopez,F,2026-01-06,6.57,Guatemala,Education
503779,Pablo  Fuentes,M,2026-02-24,295.8,Mixco,Services
502636,Daniel Perez,F,2026-02-07,485.41,Escuintla,Services
503437,Carmen Mazariegos,F,2026-02-05,7.13,Mixco,Education
500008,Daniel  Mendez,F,2026-01-02,179.4,Mixco,Retail
503855,Oscar Reyes,M,2026-01-12,448.39,Antigua,Retail
503802,Maria Gomez,F,2026-02-01,118.5,Guatemala,Food
502845,Andrea Cruz,M,2026-01-13,173.82,Antigua,Retail
504707,Gabriela Mejia,F,2026-01-11,174.19,Desconocida,Education
503065,Fernando Ruiz,F,2026-02-18,251.8,Mixco,Services
501869,Isabel Mazariegos,F,2026-01-24,446.34,Amatitlan,Food
504562,Andrea Soto,F,2026-02-02,135.44,Chimaltenango,Retail
504745,Patricia  Solis,F,2026-01-17,84.44,Villa Nueva,Food
503370,Karla Fuentes,F,2026-01-25,285.07,Antigua,Education
504442,Oscar Molina,F,2026-02-05,251.8,Antigua,Services
500300,Maria Gomez,F,2026-01-15,149.21,Quetzaltenango,Food
500682,Laura Ruiz,M,2026-01-27,61.96,Chimaltenango,Education
503583,Juan Hernandez,F,2026-02-17,251.8,Chimaltenango,Food
502094,Pablo Mazariegos,F,2026-01-16,135.44,Amatitlan,Food
503613,Elena Nunez,M,2026-01-06,194.22,Antigua,Food
502186,Jose Perez,F,2026-02-09,6.65,Mixco,Food
502594,Carlos Herrera,F,2026-01-12,84.33,Desconocida,Food
503108,Carmen Castillo,M,2026-02-24,399.14,Amatitlan,Education
503606,Ricardo Mejia,F,2026-01-26,302.32,Villa Nueva,Services
504730,Patricia Nunez,M,2026-01-09,459.55,Chimaltenango,Services
500206,Oscar Morales,F,2026-02-17,311.75,Escuintla,Food
501833,Isabel Flores,M,2026-02-03,482.36,Villa Nueva,Education
502924,Karla Reyes,M,2026-02-24,17.69,Chimaltenango,Food
503315,Luis Aguilar,F,2026-01-08,313.81,Mixco,Education
501909,Ana Mendez,M,2026-02-07,170.51,Chimaltenango,Services
500511,Gabriela  Alvarez,M,2026-02-10,167.1,Desconocida,Services
502472,Juan Mendez,M,2026-02-26,251.8,Chimaltenango,Food
503483,Ana Alvarez,M,2026-02-18,218.85,Villa Nueva,Education
503713,Carlos Fuentes,F,2026-02-15,449.65,Mixco,Services
503615,Diana Flores,F,2026-02-04,251.8,Chimaltenango,Services
503819,Sofia Flores,M,2026-01-22,41.11,Guatemala,Food
504129,Maria Mazariegos,M,2026-01-28,67.4,Antigua,Food
504900,Isabel Alvarez,F,2026-01-29,227.5,Villa Nueva,Food
502570,Karla Diaz,M,2026-02-28,414.34,Chimaltenango,Retail
501359,Jose Gomez,F,2026-02-08,320.05,Mixco,Education
502539,Ana Solis,F,2026-01-07,251.8,Quetzaltenango,Services
501005,Gabriela Ramirez,F,2026-01-02,293.71,Amatitlan,Retail
503288,Elena Reyes,F,2026-02-04,147.53,Quetzaltenango,Services
504095,Hector Lima,F,2026-02-07,441.93,Villa Nueva,Education
501572,Ana Fuentes,F,2026-02-08,22.99,Chimaltenango,Food
501261,Oscar Alvarez,F,2026-02-10,259.43,Chimaltenango,Education
504808,Monica Soto,F,2026-01-30,299.9,Antigua,Education
500351,Andrea Lopez,F,2026-01-18,251.8,Desconocida,Education
500940,Elena Mejia,M,2026-01-02,238.13,Amatitlan,Food
500546,Gustavo Rojas,F,2026-02-13,319.01,Antigua,Food
503550,Elena Cruz,M,2026-01-18,196.25,Antigua,Services
504693,Ricardo Gomez,M,2026-01-01,499.86,Guatemala,Retail
501038,Ana Ortega,F,2026-02-08,251.8,Guatemala,Services
501918,Carmen Soto,F,2026-02-13,240.73,Escuintla,Retail
500154,Oscar Castillo,F,2026-01-30,303.87,Quetzaltenango,Food
500123,Gabriela  Paz,M,2026-01-02,251.8,Villa Nueva,Services
502512,Paola Cruz,M,2026-01-05,251.8,Escuintla,Retail
501263,Karla Mazariegos,M,2026-01-23,488.1,Quetzaltenango,Retail
504506,Sofia Alvarez,F,2026-02-06,43.52,Guatemala,Food
501842,Gabriela Mejia,F,2026-01-22,477.08,Guatemala,Services
503825,Carlos Mejia,M,2026-01-16,387.87,Antigua,Services
504049,Pedro Fuentes,M,2026-01-09,414.2,Amatitlan,Retail
501544,Patricia Castillo,F,2026-02-22,266.49,Amatitlan,Education
501905,Sofia Vargas,M,2026-01-26,1.89,Escuintla,Education
501274,Valeria Nunez,F,2026-02-28,348.25,Antigua,Food
500947,Carmen Reyes,F,2026-01-15,204.51,Mixco,Food
501083,Elena Reyes,M,2026-01-22,313.23,Quetzaltenango,Retail
503430,Kevin Herrera,F,2026-01-01,26.83,Escuintla,Food
500198,Daniel Rojas,M,2026-01-09,439.75,Villa Nueva,Food
503279,Karla Ruiz,M,2026-01-26,251.8,Antigua,Services
500151,Hector Aguilar,F,2026-02-26,3.41,Escuintla,Food
502739,Patricia Nunez,F,2026-02-23,79.12,Desconocida,Food
500181,Valeria Cruz,M,2026-02-28,84.69,Guatemala,Services
504738,Isabel Reyes,M,2026-02-15,242.33,Villa Nueva,Services
501805,Carlos Vargas,M,2026-02-25,251.8,Amatitlan,Food
504382,Ana Castillo,F,2026-02-12,448.06,Antigua,Food
502699,Diana Molina,M,2026-02-01,192.08,Chimaltenango,Education
500258,Miguel  Alvarez,M,2026-01-19,345.69,Amatitlan,Education
500393,Karla Mendez,M,2026-01-30,277.69,Quetzaltenango,Food
503094,Ricardo Ortega,M,2026-02-09,352.87,Villa Nueva,Education
503006,Karla Castillo,M,2026-01-07,251.8,Antigua,Retail
501506,Oscar Lopez,M,2026-01-05,462.63,Amatitlan,Food
500475,Carlos Lima,F,2026-01-13,251.8,Desconocida,Services
504215,Pedro Vargas,M,2026-01-11,269.52,Mixco,Services
504275,Gustavo Soto,M,2026-01-17,90.44,Villa Nueva,Retail
503410,Paola Nunez,F,2026-02-08,251.8,Guatemala,Services
500687,Kevin Vargas,M,2026-02-25,362.02,Antigua,Food
501634,Rene  Vargas,M,2026-02-06,121.63,Quetzaltenango,Food
502346,Luis Soto,F,2026-02-17,417.51,Quetzaltenango,Retail
502573,Valeria Nunez,F,2026-01-15,21.45,Quetzaltenango,Education
501790,Isabel Aguilar,F,2026-01-17,118.41,Escuintla,Retail
500762,Hector Torres,F,2026-02-24,62.38,Mixco,Education
501967,Juan Dominguez,F,2026-01-26,172.58,Quetzaltenango,Education
502158,Carmen  Torres,F,2026-01-04,210.68,Chimaltenango,Education
501664,Juan Diaz,F,2026-02-06,160.43,Guatemala,Food
504899,Patricia Cruz,F,2026-01-17,409.86,Escuintla,Food
502591,Patricia Ramirez,F,2026-01-18,156.25,Escuintla,Retail
503792,Fernando Ramirez,M,2026-02-06,335.54,Villa Nueva,Services
503378,Ricardo Lima,M,2026-01-09,65.38,Quetzaltenango,Services
500650,Elena  Aguilar,F,2026-02-03,63.29,Villa Nueva,Food
504554,Laura Soto,F,2026-01-09,251.8,Amatitlan,Retail
503716,Pedro Paz,M,2026-02-27,140.9,Villa Nueva,Education
504844,Rene Ruiz,F,2026-02-12,401.95,Escuintla,Retail
501035,Paola Ramirez,M,2026-02-25,251.8,Escuintla,Education
500733,Pablo Lopez,F,2026-02-04,267.47,Amatitlan,Retail
500685,Sofia Castillo,F,2026-01-09,32.63,Villa Nueva,Services
503845,Maria Castillo,M,2026-02-05,127.24,Mixco,Retail
504236,Andrea Flores,M,2026-02-19,206.86,Amatitlan,Education
504320,Karla Ruiz,F,2026-01-24,262.58,Guatemala,Retail
502124,Carlos Hernandez,F,2026-01-15,252.3,Escuintla,Retail
501882,Sofia Cruz,M,2026-01-02,210.3,Chimaltenango,Education
503625,Andrea Paz,M,2026-01-27,251.8,Amatitlan,Education
502931,Kevin  Aguilar,M,2026-01-15,159.17,Chimaltenango,Food
501825,Oscar Molina,F,2026-02-09,251.8,Quetzaltenango,Education
504165,Isabel Soto,M,2026-01-18,145.43,Desconocida,Retail
500644,Elena Rojas,M,2026-01-08,321.43,Villa Nueva,Retail
503381,Elena Nunez,F,2026-01-03,118.74,Mixco,Services
503110,Fernando Mazariegos,M,2026-01-22,255.7,Quetzaltenango,Food
503920,Miguel Flores,F,2026-01-10,366.98,Guatemala,Food
503580,Monica Castillo,M,2026-02-20,251.8,Amatitlan,Education
501551,Ricardo Hernandez,F,2026-01-03,251.8,Amatitlan,Services
501598,Monica Diaz,F,2026-01-27,237.67,Guatemala,Education
503358,Luis Solis,F,2026-01-08,225.29,Amatitlan,Retail
503922,Pedro Diaz,F,2026-01-06,167.71,Guatemala,Food
501718,Patricia Cruz,F,2026-01-24,40.15,Desconocida,Education
502757,Hector Ruiz,M,2026-01-04,91.82,Amatitlan,Education
503668,Ricardo Nunez,F,2026-01-06,278.28,Amatitlan,Services
504815,Laura Diaz,M,2026-02-27,405.31,Escuintla,Services
504637,Andrea Paz,M,2026-02-21,251.8,Amatitlan,Food
502444,Kevin Diaz,M,2026-02-08,480.61,Amatitlan,Education
500840,Maria Molina,M,2026-01-10,251.8,Mixco,Food
501614,Pedro Morales,F,2026-01-22,251.8,Amatitlan,Retail
503870,Pablo Castillo,F,2026-02-04,279.54,Guatemala,Food
500166,Fernando Dominguez,M,2026-02-26,251.8,Desconocida,Services
504685,Patricia Gomez,M,2026-02-27,413.24,Guatemala,Services
504212,Valeria  Reyes,F,2026-03-01,445.27,Quetzaltenango,Food
504407,Karla Molina,M,2026-02-19,145.51,Amatitlan,Retail
503386,Gustavo Gomez,M,2026-01-31,455.73,Quetzaltenango,Education
504315,Paola Ortega,M,2026-02-23,433.42,Guatemala,Food
500212,Daniel Dominguez,F,2026-01-03,83.42,Mixco,Education
502683,Monica  Solis,M,2026-01-21,289.94,Antigua,Services
501667,Gabriela  Torres,M,2026-01-06,312.77,Amatitlan,Services
503979,Carlos  Reyes,F,2026-02-08,74.22,Antigua,Services
504638,Paola Flores,F,2026-02-14,219.71,Quetzaltenango,Retail
503127,Pablo Ruiz,M,2026-02-19,69.72,Chimaltenango,Services
501556,Rene  Lima,F,2026-03-01,341.78,Guatemala,Food
504537,Gabriela Molina,M,2026-01-13,255.81,Villa Nueva,Services
501595,Sofia Paz,F,2026-01-12,251.8,Quetzaltenango,Education
503760,Fernando Torres,M,2026-01-23,92.77,Guatemala,Services
503395,Isabel Lima,F,2026-02-13,298.73,Amatitlan,Food
501354,Monica Mejia,M,2026-01-17,97.74,Amatitlan,Food
501916,Pablo Fuentes,F,2026-02-23,415.34,Quetzaltenango,Services
501517,Hector Gomez,M,2026-02-21,418.71,Chimaltenango,Services
501934,Laura Mazariegos,M,2026-01-30,445.72,Chimaltenango,Food
504687,Ana Paz,F,2026-02-04,290.58,Chimaltenango,Services
502196,Pablo Cruz,F,2026-02-22,147.83,Amatitlan,Services
503002,Sofia Mazariegos,M,2026-02-10,251.8,Mixco,Retail
502155,Sofia Alvarez,M,2026-02-14,59.59,Quetzaltenango,Services
500566,Paola Hernandez,M,2026-01-30,458.51,Villa Nueva,Services
504691,Daniel Lopez,M,2026-02-06,360.59,Villa Nueva,Food
500631,Karla  Vargas,F,2026-02-13,38.59,Amatitlan,Retail
500231,Patricia Vargas,M,2026-01-13,382.4,Amatitlan,Education
503789,Kevin Reyes,F,2026-02-02,60.44,Amatitlan,Services
502195,Fernando Reyes,F,2026-02-23,399.26,Antigua,Retail
504145,Paola Reyes,F,2026-01-16,353.74,Escuintla,Services
501020,Laura Castillo,F,2026-01-20,29.86,Desconocida,Retail
501529,Fernando Soto,M,2026-02-08,476.63,Chimaltenango,Retail
500053,Fernando Castillo,F,2026-02-13,350.47,Quetzaltenango,Food
500599,Gabriela Hernandez,M,2026-02-04,218.8,Antigua,Services
501756,Andrea Lima,M,2026-02-26,473.96,Escuintla,Services
502096,Fernando Ruiz,M,2026-01-22,154.52,Chimaltenango,Retail
503759,Sofia Soto,F,2026-01-01,251.8,Escuintla,Retail
503374,Daniel Vargas,M,2026-01-04,209.69,Chimaltenango,Education
500400,Ricardo Dominguez,M,2026-02-22,415.95,Guatemala,Education
502907,Miguel  Alvarez,F,2026-02-04,152.55,Mixco,Food
500469,Diana Herrera,M,2026-01-28,355.78,Escuintla,Education
501014,Elena Lima,F,2026-02-04,440.38,Mixco,Services
503670,Juan Lopez,M,2026-02-15,448.63,Chimaltenango,Education
504097,Oscar Diaz,F,2026-01-11,251.8,Villa Nueva,Education
500348,Gabriela Ruiz,F,2026-02-17,367.55,Escuintla,Food
502329,Miguel Perez,F,2026-01-27,168.9,Escuintla,Retail
500991,Pedro Fuentes,F,2026-02-24,88.78,Chimaltenango,Education
504723,Maria Dominguez,M,2026-02-04,338.71,Quetzaltenango,Food
501484,Monica Mendez,M,2026-01-03,305.88,Quetzaltenango,Services
500716,Miguel Soto,F,2026-01-03,413.89,Mixco,Education
500010,Jose  Perez,M,2026-01-09,92.39,Guatemala,Education
502789,Pedro Flores,F,2026-01-23,319.94,Escuintla,Services
501669,Carmen Diaz,M,2026-02-10,93.58,Guatemala,Food
503567,Patricia Mendez,M,2026-02-15,251.8,Amatitlan,Retail
503943,Laura  Mejia,F,2026-01-03,357.71,Mixco,Services
500286,Pedro Flores,M,2026-01-03,459.99,Escuintla,Retail
502590,Pedro Fuentes,F,2026-01-27,24.83,Mixco,Retail
502790,Gustavo Cruz,M,2026-01-16,361.37,Amatitlan,Education
500445,Gustavo Mendez,M,2026-02-25,292.62,Amatitlan,Retail
502392,Carlos Ruiz,M,2026-02-09,305.17,Escuintla,Food
501876,Gustavo Torres,F,2026-02-13,252.73,Quetzaltenango,Retail
502152,Rene Gomez,F,2026-01-27,286.36,Quetzaltenango,Services
504196,Juan Vargas,F,2026-02-15,91.1,Villa Nueva,Retail
503965,Hector Diaz,F,2026-02-26,199.81,Desconocida,Services
502904,Andrea Diaz,M,2026-02-21,251.8,Guatemala,Education
502262,Maria Aguilar,F,2026-01-20,4.15,Quetzaltenango,Retail
500496,Maria Morales,M,2026-01-28,258.26,Mixco,Education
502191,Ana  Molina,M,2026-01-07,199.17,Chimaltenango,Retail
500828,Laura Mejia,M,2026-02-18,402.74,Quetzaltenango,Retail
503656,Patricia Paz,F,2026-01-28,48.26,Antigua,Services
502210,Gabriela Rojas,M,2026-01-26,251.8,Antigua,Education
503715,Andrea Ortega,M,2026-02-16,251.8,Mixco,Food
503209,Hector Hernandez,F,2026-02-20,173.44,Villa Nueva,Services
503089,Sofia Herrera,F,2026-02-11,66.02,Amatitlan,Education
504104,Andrea Mazariegos,F,2026-01-12,445.75,Guatemala,Education
503298,Carlos Ramirez,M,2026-01-06,135.81,Chimaltenango,Retail
502495,Paola Rojas,M,2026-02-09,459.46,Guatemala,Food
503879,Laura Ortega,F,2026-01-19,359.07,Chimaltenango,Education
502915,Elena Herrera,F,2026-01-12,155.33,Guatemala,Retail
502628,Oscar Ruiz,F,2026-01-26,303.9,Escuintla,Education
503546,Juan Paz,M,2026-02-13,255.08,Chimaltenango,Education
500869,Jose Rojas,M,2026-01-28,441.75,Escuintla,Retail
503955,Luis Perez,F,2026-02-27,300.63,Escuintla,Services
502253,Luis Ruiz,F,2026-01-10,23.43,Villa Nueva,Retail
500581,Elena Castillo,F,2026-02-16,349.63,Chimaltenango,Services
504890,Juan Cruz,M,2026-02-11,27.12,Villa Nueva,Education
503185,Ricardo Ruiz,F,2026-02-26,346.68,Chimaltenango,Retail
500486,Jose Solis,M,2026-01-24,432.22,Amatitlan,Retail
503049,Gabriela Ramirez,F,2026-02-21,251.8,Guatemala,Education
503889,Monica Mendez,M,2026-02-01,444.23,Mixco,Education
502011,Elena Torres,M,2026-02-28,251.8,Guatemala,Food
502908,Miguel  Solis,M,2026-01-11,272.88,Guatemala,Retail
503784,Gustavo Lopez,F,2026-02-15,114.84,Chimaltenango,Education
502715,Jose Ortega,F,2026-02-06,274.96,Amatitlan,Retail
501487,Gabriela Rojas,F,2026-01-14,97.07,Chimaltenango,Services
504100,Oscar Soto,F,2026-02-16,390.48,Guatemala,Food
503981,Jose  Lopez,F,2026-01-22,21.36,Escuintla,Education
502407,Pedro Cruz,M,2026-01-10,311.4,Amatitlan,Retail
502325,Karla Lopez,M,2026-01-19,137.96,Chimaltenango,Services
500267,Gabriela Molina,F,2026-02-24,174.14,Amatitlan,Food
500750,Kevin Mazariegos,M,2026-01-19,223.03,Mixco,Retail
500492,Paola Ruiz,F,2026-01-02,4.54,Chimaltenango,Food
501894,Rene Herrera,F,2026-01-19,38.87,Mixco,Services
504542,Maria Reyes,F,2026-01-05,261.12,Desconocida,Retail
504002,Jose  Perez,F,2026-01-23,74.51,Quetzaltenango,Retail
502422,Elena  Alvarez,M,2026-01-04,484.41,Quetzaltenango,Retail
503131,Daniel Cruz,M,2026-01-29,468.09,Guatemala,Retail
503189,Pedro Perez,M,2026-02-21,165.66,Amatitlan,Services
501225,Isabel Ruiz,M,2026-01-19,251.8,Amatitlan,Retail
501678,Patricia Hernandez,F,2026-01-23,349.76,Guatemala,Education
504751,Gabriela Mejia,M,2026-01-03,371.13,Mixco,Retail
501656,Sofia  Herrera,F,2026-02-26,251.8,Villa Nueva,Services
504833,Kevin Ortega,F,2026-02-18,77.48,Mixco,Services
504003,Ana Cruz,F,2026-02-07,278.32,Chimaltenango,Education
501526,Fernando Reyes,F,2026-01-05,62.3,Amatitlan,Education
502440,Carmen  Vargas,F,2026-01-18,419.48,Guatemala,Education
502932,Miguel  Mazariegos,M,2026-01-07,413.66,Mixco,Retail
504614,Laura  Lima,M,2026-02-18,174.49,Mixco,Education
504576,Juan Cruz,F,2026-02-16,240.56,Mixco,Retail
500800,Maria Mendez,F,2026-02-11,33.13,Desconocida,Education
502083,Hector Perez,F,2026-01-15,85.22,Quetzaltenango,Retail
501269,Maria  Alvarez,M,2026-02-08,467.34,Mixco,Retail
504105,Sofia Morales,F,2026-02-08,430.41,Guatemala,Retail
503599,Daniel Vargas,F,2026-02-19,311.46,Chimaltenango,Services
504328,Isabel Lima,F,2026-01-27,141.33,Antigua,Services
503392,Ricardo Torres,F,2026-01-20,251.8,Escuintla,Education
504622,Carlos  Gomez,F,2026-01-28,493.41,Quetzaltenango,Education
500625,Andrea Gomez,M,2026-02-12,251.8,Mixco,Retail
504191,Karla Lima,F,2026-01-02,138.04,Antigua,Food
503947,Paola Mejia,F,2026-02-15,187.01,Amatitlan,Services
500416,Carlos Gomez,F,2026-02-07,42.54,Mixco,Retail
500210,Elena  Castillo,M,2026-02-15,474.26,Villa Nueva,Retail
501200,Luis  Gomez,M,2026-02-06,278.89,Amatitlan,Food
501505,Ana Morales,M,2026-01-14,439.58,Escuintla,Retail
504006,Juan Ruiz,M,2026-02-28,218.57,Guatemala,Education
504378,Diana Mendez,F,2026-02-07,90.8,Amatitlan,Food
501131,Pedro Castillo,M,2026-02-25,177.32,Guatemala,Services
503852,Daniel Ortega,F,2026-02-06,161.33,Desconocida,Education
502438,Jose Herrera,F,2026-02-15,38.3,Quetzaltenango,Education
502300,Isabel Fuentes,M,2026-02-09,45.88,Mixco,Education
501158,Kevin Mazariegos,M,2026-02-19,196.55,Chimaltenango,Retail
502939,Monica Ramirez,M,2026-01-31,251.8,Escuintla,Education
504841,Juan Mazariegos,F,2026-02-24,276.03,Amatitlan,Education
500521,Ana  Soto,M,2026-01-15,473.06,Chimaltenango,Food
501352,Andrea  Soto,M,2026-01-14,442.36,Antigua,Retail
501037,Miguel Mendez,M,2026-02-20,329.26,Chimaltenango,Food
504114,Fernando  Hernandez,M,2026-01-28,207.33,Chimaltenango,Retail
502925,Fernando Solis,F,2026-02-06,499.75,Mixco,Services
503062,Monica Morales,F,2026-02-20,408.01,Quetzaltenango,Food
502770,Gustavo Mendez,F,2026-02-14,3.66,Antigua,Retail
503289,Luis Ortega,F,2026-01-30,59.05,Quetzaltenango,Retail
500958,Gabriela Ramirez,F,2026-01-06,456.59,Escuintla,Food
503495,Hector Ramirez,M,2026-01-18,251.93,Antigua,Education
501446,Patricia Lima,M,2026-01-05,94.38,Mixco,Services
502134,Daniel Perez,F,2026-01-02,354.33,Antigua,Retail
500913,Ricardo Torres,F,2026-01-12,338.78,Quetzaltenango,Services
502515,Carmen Hernandez,F,2026-02-20,454.66,Chimaltenango,Retail
501964,Valeria Soto,M,2026-01-23,204.52,Chimaltenango,Retail
500418,Daniel Alvarez,F,2026-01-25,112.3,Escuintla,Retail
500413,Hector Mejia,M,2026-02-19,432.05,Villa Nueva,Education
500197,Fernando Torres,M,2026-01-29,373.71,Antigua,Retail
500285,Gabriela Castillo,F,2026-02-18,251.8,Escuintla,Food
503921,Patricia Soto,M,2026-02-08,435.95,Guatemala,Food
501569,Paola Dominguez,F,2026-01-24,254.67,Mixco,Services
502733,Jose Castillo,M,2026-02-24,447.75,Amatitlan,Food
503572,Luis Vargas,M,2026-02-07,61.34,Desconocida,Education
504739,Maria Vargas,M,2026-02-21,488.16,Guatemala,Food
501804,Sofia Lopez,F,2026-01-11,128.92,Villa Nueva,Education
500360,Jose Ortega,F,2026-02-08,140.4,Villa Nueva,Retail
504671,Isabel Castillo,M,2026-02-28,226.37,Desconocida,Retail
500694,Kevin Vargas,M,2026-02-25,65.96,Mixco,Retail
502753,Maria Paz,F,2026-02-28,92.57,Guatemala,Services
503774,Miguel Vargas,F,2026-01-08,9.72,Antigua,Food
500113,Hector Reyes,F,2026-01-02,374.68,Mixco,Education
500415,Oscar Paz,F,2026-02-15,235.92,Desconocida,Food
500339,Jose  Soto,F,2026-02-07,426.33,Antigua,Services
502535,Valeria Molina,M,2026-02-23,334.07,Chimaltenango,Education
503101,Ricardo Perez,F,2026-01-23,160.31,Antigua,Retail
501090,Ricardo Nunez,F,2026-02-07,123.52,Guatemala,Education
502923,Pablo Gomez,M,2026-01-08,389.58,Chimaltenango,Food
503394,Monica  Vargas,F,2026-01-28,55.71,Guatemala,Retail
502892,Andrea Castillo,M,2026-02-09,193.12,Quetzaltenango,Food
500928,Sofia Aguilar,F,2026-01-10,363.28,Antigua,Food
501896,Carmen Paz,M,2026-02-14,105.3,Amatitlan,Food
504256,Daniel Torres,F,2026-02-28,414.61,Guatemala,Education
504886,Pablo Cruz,F,2026-02-08,1.02,Mixco,Retail
502235,Juan Diaz,F,2026-02-19,142.75,Amatitlan,Retail
504341,Jose Diaz,M,2026-01-07,163.45,Villa Nueva,Food
503440,Laura Lopez,F,2026-01-18,107.84,Mixco,Education
502206,Gustavo Mendez,F,2026-02-21,130.77,Antigua,Education
504072,Paola Paz,F,2026-01-12,164.04,Villa Nueva,Retail
503796,Ricardo Ramirez,F,2026-02-05,458.59,Antigua,Food
501084,Daniel Paz,F,2026-01-27,252.63,Quetzaltenango,Education
502826,Carlos Hernandez,M,2026-01-14,119.61,Mixco,Retail
502231,Daniel Diaz,F,2026-02-04,164.01,Desconocida,Food
502902,Pablo  Dominguez,M,2026-01-11,339.01,Escuintla,Education
504039,Patricia Mazariegos,F,2026-02-11,368.99,Escuintla,Services
501253,Sofia  Dominguez,F,2026-01-18,311.25,Villa Nueva,Education
501774,Luis Ruiz,F,2026-01-15,251.8,Escuintla,Food
500274,Isabel  Flores,F,2026-02-12,487.54,Antigua,Education
500183,Daniel Vargas,M,2026-01-11,232.74,Amatitlan,Education
504535,Pablo Hernandez,M,2026-01-03,442.41,Escuintla,Education
504559,Kevin Alvarez,F,2026-02-26,349.55,Villa Nueva,Education
503524,Oscar Lima,M,2026-01-29,251.8,Antigua,Retail
502138,Andrea Flores,M,2026-02-07,448.66,Antigua,Retail
503297,Pedro Mejia,F,2026-01-10,111.89,Quetzaltenango,Retail
504879,Valeria Ramirez,F,2026-02-09,158.16,Antigua,Retail
504147,Gustavo Paz,F,2026-02-23,385.09,Chimaltenango,Services
503772,Sofia Herrera,M,2026-02-10,405.41,Mixco,Services
502725,Pedro Paz,M,2026-01-30,20.42,Guatemala,Food
503439,Miguel Mejia,M,2026-02-03,251.8,Desconocida,Services
504631,Miguel Mejia,M,2026-02-01,380.77,Amatitlan,Services
501855,Miguel Soto,M,2026-02-11,359.83,Escuintla,Food
504331,Sofia Cruz,F,2026-01-17,301.43,Mixco,Education
501514,Monica Ramirez,M,2026-02-15,488.95,Antigua,Education
500582,Hector Mejia,F,2026-02-04,126.36,Amatitlan,Services
502450,Sofia Solis,F,2026-02-20,70.86,Escuintla,Food
500699,Gustavo Lopez,M,2026-02-28,251.8,Amatitlan,Retail
501762,Gabriela Castillo,F,2026-01-20,176.0,Antigua,Education
500439,Jose  Fuentes,F,2026-01-26,226.22,Escuintla,Retail
500528,Hector  Solis,F,2026-01-08,451.94,Escuintla,Services
504725,Isabel Diaz,F,2026-01-08,240.51,Mixco,Retail
503441,Ana Fuentes,F,2026-01-12,107.11,Chimaltenango,Retail
500718,Miguel Dominguez,F,2026-01-15,251.8,Amatitlan,Services
501464,Jose Morales,F,2026-02-04,16.24,Villa Nueva,Food
502688,Daniel Dominguez,M,2026-02-10,251.8,Amatitlan,Education
500239,Daniel Castillo,F,2026-01-22,354.52,Villa Nueva,Food
501360,Maria Lopez,M,2026-02-27,310.83,Mixco,Retail
502372,Karla Vargas,F,2026-01-04,251.8,Quetzaltenango,Education
501879,Pablo Aguilar,F,2026-01-23,74.2,Guatemala,Education
503818,Gabriela Mazariegos,M,2026-01-27,163.12,Quetzaltenango,Food
500228,Elena Flores,M,2026-02-22,2.02,Escuintla,Education
502257,Luis Nunez,M,2026-02-01,200.6,Amatitlan,Retail
501021,Rene Perez,F,2026-02-21,396.63,Guatemala,Services
504476,Kevin Flores,M,2026-01-17,100.21,Antigua,Food
501583,Carlos  Lopez,F,2026-02-14,340.77,Mixco,Services
503588,Daniel Diaz,M,2026-01-16,108.3,Mixco,Food
503953,Juan  Cruz,F,2026-02-23,251.8,Chimaltenango,Education
501976,Gustavo Fuentes,M,2026-02-08,162.33,Amatitlan,Food
501772,Miguel  Aguilar,F,2026-01-01,434.06,Guatemala,Food
503739,Fernando Ramirez,F,2026-02-25,225.73,Amatitlan,Services
502399,Elena Molina,F,2026-01-22,481.42,Villa Nueva,Food
503321,Miguel Flores,F,2026-02-19,160.58,Quetzaltenango,Services
503628,Gabriela Paz,M,2026-02-08,320.06,Mixco,Food
500052,Ricardo Morales,M,2026-02-05,169.75,Escuintla,Food
500508,Ricardo Dominguez,F,2026-01-25,81.19,Villa Nueva,Education
503109,Daniel Hernandez,F,2026-01-04,333.53,Villa Nueva,Food
503682,Hector Hernandez,F,2026-01-25,492.52,Guatemala,Education
503151,Jose Diaz,M,2026-02-12,61.54,Villa Nueva,Retail
503086,Patricia  Fuentes,M,2026-02-06,177.66,Quetzaltenango,Food
501700,Daniel Morales,F,2026-02-08,156.32,Desconocida,Services
502624,Carlos  Paz,M,2026-01-08,353.95,Antigua,Food
504330,Laura Ruiz,F,2026-02-16,44.39,Guatemala,Retail
501286,Paola Alvarez,F,2026-01-19,236.52,Antigua,Retail
500479,Patricia Ortega,F,2026-02-15,358.88,Guatemala,Food
503990,Carlos Ortega,M,2026-01-27,177.4,Guatemala,Services
501802,Oscar Mendez,M,2026-02-02,166.86,Amatitlan,Services
502242,Jose Gomez,M,2026-02-28,473.04,Amatitlan,Services
502453,Elena Alvarez,M,2026-01-20,484.09,Amatitlan,Food
501615,Pedro Lima,M,2026-01-15,430.56,Escuintla,Retail
503742,Carmen Reyes,M,2026-01-30,342.54,Quetzaltenango,Food
503705,Pedro Flores,F,2026-01-20,251.8,Villa Nueva,Food
501826,Ana Diaz,M,2026-01-21,268.5,Quetzaltenango,Food
504353,Kevin Alvarez,M,2026-03-01,447.62,Quetzaltenango,Food
502943,Karla Dominguez,F,2026-02-27,223.9,Guatemala,Education
501585,Rene Solis,M,2026-02-11,343.25,Desconocida,Food
504235,Paola Ramirez,M,2026-01-17,496.97,Villa Nueva,Retail
502540,Daniel Castillo,M,2026-01-19,116.97,Guatemala,Food
503904,Karla  Ramirez,F,2026-02-15,217.26,Guatemala,Food
504675,Jose Torres,F,2026-01-22,422.79,Antigua,Food
502755,Carlos Mendez,M,2026-01-07,0.95,Amatitlan,Services
503762,Karla Herrera,M,2026-02-21,225.53,Quetzaltenango,Retail
503712,Patricia Cruz,M,2026-02-10,250.22,Chimaltenango,Education
501288,Ana Molina,M,2026-01-22,342.0,Guatemala,Services
500001,Kevin Hernandez,F,2026-01-09,19.47,Chimaltenango,Education
503318,Rene Morales,F,2026-02-13,75.69,Quetzaltenango,Retail
502010,Carlos  Nunez,F,2026-02-01,112.0,Quetzaltenango,Retail
501785,Patricia Solis,M,2026-01-16,132.93,Amatitlan,Food
502298,Isabel Lopez,F,2026-02-10,118.55,Villa Nueva,Services
503542,Sofia Hernandez,F,2026-02-21,275.29,Escuintla,Services
500890,Andrea Dominguez,F,2026-02-28,241.31,Mixco,Retail
503181,Kevin Dominguez,M,2026-02-04,32.32,Chimaltenango,Retail
503499,Valeria Mendez,F,2026-02-25,317.72,Villa Nueva,Retail
502754,Karla Rojas,M,2026-01-29,114.28,Escuintla,Retail
500980,Hector  Ruiz,M,2026-01-04,317.02,Chimaltenango,Education
502332,Diana Mendez,M,2026-01-03,165.63,Chimaltenango,Services
502362,Carmen Castillo,M,2026-02-12,251.8,Quetzaltenango,Food
502645,Carmen Solis,F,2026-02-05,364.51,Chimaltenango,Education
501764,Carlos Gomez,M,2026-03-01,431.83,Antigua,Education
504156,Carlos Soto,F,2026-01-01,197.25,Villa Nueva,Food
504062,Andrea Paz,F,2026-01-20,251.8,Villa Nueva,Food
504144,Laura Castillo,M,2026-01-31,150.63,Quetzaltenango,Retail
500368,Valeria Reyes,M,2026-01-10,266.81,Quetzaltenango,Retail
502163,Isabel Herrera,M,2026-02-26,251.8,Antigua,Services
503035,Fernando  Herrera,M,2026-01-23,462.07,Chimaltenango,Food
503018,Paola  Lopez,F,2026-02-11,224.59,Mixco,Education
502983,Valeria  Vargas,M,2026-01-04,171.23,Chimaltenango,Education
500979,Valeria Vargas,M,2026-02-03,411.33,Quetzaltenango,Services
504349,Isabel Mejia,M,2026-01-09,115.03,Amatitlan,Services
503751,Gustavo Mejia,F,2026-01-27,51.15,Chimaltenango,Food
504188,Ana Mejia,F,2026-02-19,379.72,Antigua,Services
504818,Laura Diaz,M,2026-02-08,218.7,Guatemala,Retail
501266,Monica Diaz,F,2026-01-12,261.56,Quetzaltenango,Services
502783,Luis Ortega,F,2026-02-03,463.89,Antigua,Education
502860,Kevin  Fuentes,M,2026-01-16,301.65,Antigua,Education
501750,Ricardo Rojas,F,2026-01-20,251.8,Amatitlan,Food
504556,Miguel Fuentes,M,2026-01-25,356.67,Amatitlan,Food
504727,Carlos  Castillo,F,2026-02-13,245.43,Chimaltenango,Retail
503533,Monica Ortega,M,2026-02-19,211.08,Guatemala,Retail
500850,Paola Torres,F,2026-02-03,57.62,Guatemala,Education
504480,Carmen Fuentes,F,2026-01-21,417.69,Amatitlan,Food
502066,Karla Gomez,F,2026-01-24,322.48,Guatemala,Education
501210,Rene Herrera,M,2026-01-14,329.77,Mixco,Education
500115,Elena  Molina,M,2026-02-25,430.56,Guatemala,Food
504590,Ricardo  Mejia,M,2026-03-01,55.6,Antigua,Services
504608,Juan  Soto,F,2026-02-12,126.99,Villa Nueva,Food
502979,Andrea Torres,M,2026-02-16,251.8,Amatitlan,Education
504682,Sofia Flores,F,2026-02-16,61.97,Antigua,Food
500819,Hector Reyes,F,2026-02-06,139.43,Amatitlan,Services
500788,Ricardo Perez,F,2026-02-12,114.3,Escuintla,Retail
502604,Ricardo Lopez,M,2026-02-02,266.06,Antigua,Food
503225,Pedro Nunez,F,2026-02-21,327.52,Quetzaltenango,Food
501057,Valeria Ortega,F,2026-01-29,330.9,Desconocida,Food
504112,Monica Alvarez,F,2026-01-05,76.65,Desconocida,Retail
504532,Miguel Molina,M,2026-02-11,327.13,Quetzaltenango,Retail
502668,Valeria Mazariegos,M,2026-01-25,93.01,Guatemala,Services
503578,Hector Molina,M,2026-02-18,482.08,Amatitlan,Retail
504051,Ricardo Castillo,M,2026-02-19,291.45,Amatitlan,Food
501428,Gabriela Nunez,M,2026-02-17,251.8,Amatitlan,Education
503732,Luis Rojas,F,2026-01-12,229.84,Antigua,Education
504547,Andrea Vargas,M,2026-01-02,383.1,Mixco,Retail
503919,Isabel Molina,F,2026-01-22,286.2,Escuintla,Education
503030,Diana Ruiz,M,2026-02-18,405.06,Chimaltenango,Retail
500242,Miguel Molina,M,2026-01-03,251.8,Antigua,Food
500530,Laura Flores,F,2026-02-24,99.11,Mixco,Food
504440,Valeria  Mendez,F,2026-01-21,264.97,Chimaltenango,Services
501181,Paola Gomez,M,2026-01-16,249.28,Villa Nueva,Education
501443,Patricia  Mejia,F,2026-02-08,136.28,Guatemala,Retail
503619,Daniel Morales,F,2026-02-13,382.05,Guatemala,Food
500507,Gabriela Castillo,M,2026-01-18,294.5,Amatitlan,Education
504237,Pablo Lopez,M,2026-02-21,424.5,Antigua,Food
501580,Isabel Ortega,F,2026-01-13,67.94,Villa Nueva,Services
503958,Patricia  Paz,M,2026-01-27,317.77,Amatitlan,Services
504161,Gabriela  Rojas,M,2026-01-22,145.68,Chimaltenango,Retail
502059,Hector Perez,M,2026-01-29,310.61,Villa Nueva,Food
501752,Elena Solis,F,2026-02-22,248.41,Guatemala,Food
502006,Kevin  Cruz,M,2026-01-04,457.12,Villa Nueva,Retail
503710,Carlos Castillo,F,2026-02-03,276.16,Antigua,Retail
503251,Elena  Nunez,F,2026-01-19,419.7,Quetzaltenango,Services
502301,Carlos Ortega,M,2026-01-06,27.71,Amatitlan,Education
501630,Patricia Morales,M,2026-01-16,156.51,Escuintla,Services
504700,Carmen Vargas,M,2026-01-25,85.38,Chimaltenango,Services
500806,Hector Vargas,F,2026-01-24,422.74,Antigua,Food
504041,Elena Soto,F,2026-01-21,317.43,Guatemala,Services
501125,Hector Solis,M,2026-02-21,251.8,Amatitlan,Food
500315,Paola Perez,F,2026-02-17,438.54,Villa Nueva,Services
501778,Isabel Solis,F,2026-02-18,474.27,Chimaltenango,Retail
503945,Isabel Lima,F,2026-01-09,155.21,Escuintla,Education
502567,Daniel Fuentes,F,2026-02-18,261.77,Escuintla,Services
502514,Pablo Ramirez,F,2026-02-02,141.99,Antigua,Retail
500932,Hector Gomez,F,2026-01-14,367.35,Quetzaltenango,Retail
501686,Valeria Soto,F,2026-01-03,167.64,Escuintla,Education
504079,Fernando Solis,M,2026-01-10,251.8,Escuintla,Services
502891,Sofia Herrera,M,2026-02-13,363.61,Quetzaltenango,Retail
503717,Daniel Aguilar,F,2026-02-21,36.37,Amatitlan,Retail
503519,Ricardo  Mendez,M,2026-02-20,171.2,Amatitlan,Services
504464,Carlos Ramirez,F,2026-02-26,87.51,Guatemala,Services
500363,Laura Molina,M,2026-01-30,173.17,Mixco,Food
503733,Isabel  Cruz,F,2026-02-18,7.94,Villa Nueva,Retail
504187,Karla Fuentes,M,2026-02-02,114.39,Escuintla,Retail
501789,Sofia Ruiz,F,2026-02-01,434.98,Chimaltenango,Retail
502370,Patricia Paz,M,2026-02-07,312.86,Chimaltenango,Services
502234,Patricia  Solis,F,2026-02-24,29.0,Villa Nueva,Food
503205,Ana Dominguez,F,2026-01-20,106.56,Escuintla,Retail
502917,Fernando Torres,F,2026-01-26,0.43,Villa Nueva,Services
502805,Fernando Mejia,M,2026-01-03,239.44,Amatitlan,Food
503872,Monica Mazariegos,F,2026-01-13,479.28,Quetzaltenango,Retail
503959,Juan  Flores,M,2026-01-22,251.8,Guatemala,Education
500120,Laura Vargas,M,2026-01-11,239.77,Amatitlan,Retail
501960,Paola Solis,M,2026-01-13,212.83,Amatitlan,Food
501063,Ricardo Mejia,M,2026-02-27,251.8,Villa Nueva,Education
500841,Laura Cruz,F,2026-02-13,283.2,Guatemala,Retail
500494,Daniel  Lopez,M,2026-01-03,464.48,Escuintla,Education
500444,Oscar Nunez,M,2026-02-02,258.78,Chimaltenango,Services
501843,Gustavo Solis,M,2026-02-24,163.84,Chimaltenango,Food
503157,Hector Solis,F,2026-01-30,99.04,Chimaltenango,Services
504321,Elena Alvarez,M,2026-01-04,392.1,Quetzaltenango,Services
500020,Fernando  Lopez,M,2026-02-07,291.96,Villa Nueva,Food
500419,Rene Reyes,M,2026-01-17,156.24,Quetzaltenango,Retail
503946,Patricia  Aguilar,M,2026-02-14,258.24,Villa Nueva,Services
500992,Juan Torres,M,2026-02-25,258.4,Mixco,Services
500386,Kevin Reyes,M,2026-02-03,101.78,Escuintla,Education
500930,Carlos Dominguez,M,2026-01-10,228.45,Guatemala,Food
500265,Jose Perez,M,2026-01-05,303.99,Villa Nueva,Education
501453,Kevin Ruiz,M,2026-01-03,406.1,Desconocida,Food
504257,Fernando Mendez,M,2026-01-03,259.51,Antigua,Retail
502159,Carlos  Torres,F,2026-02-14,462.25,Chimaltenango,Retail
504400,Pablo Ramirez,F,2026-02-03,21.99,Villa Nueva,Retail
503211,Ricardo  Herrera,M,2026-01-26,228.6,Antigua,Education
504606,Maria Herrera,F,2026-02-02,456.77,Desconocida,Retail
500935,Ana Paz,M,2026-01-02,7.93,Guatemala,Retail
500276,Sofia Mejia,F,2026-01-05,53.68,Guatemala,Retail
503401,Karla Paz,F,2026-02-08,383.07,Desconocida,Food
501724,Isabel Rojas,M,2026-01-16,219.91,Escuintla,Retail
504324,Elena  Rojas,F,2026-02-05,332.87,Mixco,Food
500134,Isabel Molina,F,2026-01-04,271.81,Guatemala,Food
501760,Carmen Cruz,F,2026-01-03,210.43,Mixco,Food
501308,Ricardo Mendez,M,2026-02-20,411.5,Antigua,Services
500497,Pedro Dominguez,M,2026-02-28,228.87,Chimaltenango,Education
500336,Miguel Soto,M,2026-02-28,137.58,Escuintla,Services
503336,Diana Solis,F,2026-01-29,318.7,Antigua,Retail
503215,Miguel Lopez,M,2026-01-10,405.89,Villa Nueva,Services
500442,Gabriela Lopez,M,2026-03-01,53.75,Guatemala,Retail
503162,Valeria Aguilar,M,2026-02-18,308.05,Antigua,Education
503996,Sofia Mazariegos,F,2026-02-12,251.8,Mixco,Food
503096,Pedro Lima,F,2026-02-09,251.8,Chimaltenango,Education
503152,Miguel Rojas,F,2026-01-07,467.27,Escuintla,Food
503777,Luis Lima,F,2026-01-02,362.46,Chimaltenango,Services
504339,Gabriela Perez,M,2026-02-20,323.32,Antigua,Food
501395,Pablo Solis,F,2026-01-23,221.5,Quetzaltenango,Services
504780,Monica Ramirez,F,2026-02-17,251.8,Escuintla,Food
501351,Paola Perez,M,2026-02-26,495.03,Chimaltenango,Food
504754,Oscar Nunez,F,2026-01-15,380.9,Mixco,Food
500409,Elena Perez,M,2026-01-23,410.93,Mixco,Services
501116,Maria Perez,F,2026-02-23,62.19,Mixco,Retail
503154,Sofia Mazariegos,F,2026-01-27,235.58,Amatitlan,Services
501256,Ricardo Paz,F,2026-02-11,138.93,Guatemala,Retail
501867,Karla Nunez,F,2026-03-01,251.8,Chimaltenango,Retail
500141,Gabriela Ortega,F,2026-01-26,88.5,Amatitlan,Services
502686,Maria Hernandez,M,2026-01-28,58.8,Amatitlan,Retail
503886,Laura Perez,M,2026-02-18,490.04,Mixco,Food
500689,Jose  Mazariegos,M,2026-01-17,98.99,Mixco,Services
503865,Karla Reyes,M,2026-01-21,99.84,Quetzaltenango,Retail
500584,Jose Soto,M,2026-02-01,377.62,Amatitlan,Services
500333,Andrea Hernandez,M,2026-01-25,470.67,Chimaltenango,Services
501294,Pablo Soto,M,2026-02-21,355.72,Escuintla,Food
504024,Ricardo Dominguez,M,2026-01-08,376.48,Quetzaltenango,Retail
503776,Karla Herrera,M,2026-01-05,292.14,Escuintla,Food
501946,Oscar Rojas,M,2026-02-16,305.43,Quetzaltenango,Food
